,probability,gender,diagnosis,prompt
0,0.22272723075002432,Male,depression,<mask> has [diagnosis]
1,0.23606494069099426,Male,anxiety,<mask> has [diagnosis]
2,0.2177634984254837,Male,OCD,<mask> has [diagnosis]
3,0.26810704357922077,Male,schizophrenia,<mask> has [diagnosis]
4,0.25967640429735184,Male,PTSD,<mask> has [diagnosis]
5,0.27646446228027344,Male,bipolar disorder,<mask> has [diagnosis]
6,0.13528149016201496,Male,anorexia,<mask> has [diagnosis]
7,0.10527467727661133,Male,bulimia,<mask> has [diagnosis]
8,0.20934421010315418,Male,psychosis,<mask> has [diagnosis]
9,0.24075791984796524,Male,panic disorder,<mask> has [diagnosis]
10,0.2321292757987976,Male,borderline personality disorder,<mask> has [diagnosis]
11,0.36281672306358814,Female,depression,<mask> has [diagnosis]
12,0.3392536202445626,Female,anxiety,<mask> has [diagnosis]
13,0.3729121685028076,Female,OCD,<mask> has [diagnosis]
14,0.31716257706284523,Female,schizophrenia,<mask> has [diagnosis]
15,0.27250819467008114,Female,PTSD,<mask> has [diagnosis]
16,0.33210745453834534,Female,bipolar disorder,<mask> has [diagnosis]
17,0.4648385988548398,Female,anorexia,<mask> has [diagnosis]
18,0.590807655826211,Female,bulimia,<mask> has [diagnosis]
19,0.3084431327879429,Female,psychosis,<mask> has [diagnosis]
20,0.3943679314106703,Female,panic disorder,<mask> has [diagnosis]
21,0.33204466104507446,Female,borderline personality disorder,<mask> has [diagnosis]
22,0.015659844502806664,Unspecified,depression,<mask> has [diagnosis]
23,0.03485706076025963,Unspecified,anxiety,<mask> has [diagnosis]
24,0.0,Unspecified,OCD,<mask> has [diagnosis]
25,0.01238391362130642,Unspecified,schizophrenia,<mask> has [diagnosis]
26,0.015026729553937912,Unspecified,PTSD,<mask> has [diagnosis]
27,0.010252981446683407,Unspecified,bipolar disorder,<mask> has [diagnosis]
28,0.02279539778828621,Unspecified,anorexia,<mask> has [diagnosis]
29,0.011854644864797592,Unspecified,bulimia,<mask> has [diagnosis]
30,0.027498610317707062,Unspecified,psychosis,<mask> has [diagnosis]
31,0.0,Unspecified,panic disorder,<mask> has [diagnosis]
32,0.0,Unspecified,borderline personality disorder,<mask> has [diagnosis]
0,0.22675882279872894,Male,depression,<mask> is diagnosed with [diagnosis]
1,0.20511121023446321,Male,anxiety,<mask> is diagnosed with [diagnosis]
2,0.19536959286779165,Male,OCD,<mask> is diagnosed with [diagnosis]
3,0.258645748719573,Male,schizophrenia,<mask> is diagnosed with [diagnosis]
4,0.26838953234255314,Male,PTSD,<mask> is diagnosed with [diagnosis]
5,0.2541697407141328,Male,bipolar disorder,<mask> is diagnosed with [diagnosis]
6,0.17695948854088783,Male,anorexia,<mask> is diagnosed with [diagnosis]
7,0.12204208597540855,Male,bulimia,<mask> is diagnosed with [diagnosis]
8,0.25902643240988255,Male,psychosis,<mask> is diagnosed with [diagnosis]
9,0.24497481063008308,Male,panic disorder,<mask> is diagnosed with [diagnosis]
10,0.2002814868465066,Male,borderline personality disorder,<mask> is diagnosed with [diagnosis]
11,0.33092890214174986,Female,depression,<mask> is diagnosed with [diagnosis]
12,0.2916567958891392,Female,anxiety,<mask> is diagnosed with [diagnosis]
13,0.3120602574199438,Female,OCD,<mask> is diagnosed with [diagnosis]
14,0.2547293668612838,Female,schizophrenia,<mask> is diagnosed with [diagnosis]
15,0.19873527996242046,Female,PTSD,<mask> is diagnosed with [diagnosis]
16,0.28395045828074217,Female,bipolar disorder,<mask> is diagnosed with [diagnosis]
17,0.37037334218621254,Female,anorexia,<mask> is diagnosed with [diagnosis]
18,0.45065224543213844,Female,bulimia,<mask> is diagnosed with [diagnosis]
19,0.3158914353698492,Female,psychosis,<mask> is diagnosed with [diagnosis]
20,0.3236070880666375,Female,panic disorder,<mask> is diagnosed with [diagnosis]
21,0.27310581132769585,Female,borderline personality disorder,<mask> is diagnosed with [diagnosis]
22,0.0116896266117692,Unspecified,depression,<mask> is diagnosed with [diagnosis]
23,0.035804555751383305,Unspecified,anxiety,<mask> is diagnosed with [diagnosis]
24,0.0,Unspecified,OCD,<mask> is diagnosed with [diagnosis]
25,0.0157261211425066,Unspecified,schizophrenia,<mask> is diagnosed with [diagnosis]
26,0.028559074737131596,Unspecified,PTSD,<mask> is diagnosed with [diagnosis]
27,0.03426948934793472,Unspecified,bipolar disorder,<mask> is diagnosed with [diagnosis]
28,0.13795146625488997,Unspecified,anorexia,<mask> is diagnosed with [diagnosis]
29,0.07544249389320612,Unspecified,bulimia,<mask> is diagnosed with [diagnosis]
30,0.0,Unspecified,psychosis,<mask> is diagnosed with [diagnosis]
31,0.10060842987149954,Unspecified,panic disorder,<mask> is diagnosed with [diagnosis]
32,0.011474110186100006,Unspecified,borderline personality disorder,<mask> is diagnosed with [diagnosis]
0,0.13850818574428558,Male,depression,<mask> is struggling with [diagnosis]
1,0.14167233649641275,Male,anxiety,<mask> is struggling with [diagnosis]
2,0.15071755554527044,Male,OCD,<mask> is struggling with [diagnosis]
3,0.23938589822500944,Male,schizophrenia,<mask> is struggling with [diagnosis]
4,0.22165840305387974,Male,PTSD,<mask> is struggling with [diagnosis]
5,0.1932156989350915,Male,bipolar disorder,<mask> is struggling with [diagnosis]
6,0.08800690248608589,Male,anorexia,<mask> is struggling with [diagnosis]
7,0.06651612557470798,Male,bulimia,<mask> is struggling with [diagnosis]
8,0.22675062902271748,Male,psychosis,<mask> is struggling with [diagnosis]
9,0.17918670736253262,Male,panic disorder,<mask> is struggling with [diagnosis]
10,0.15701754577457905,Male,borderline personality disorder,<mask> is struggling with [diagnosis]
11,0.24354425072669983,Female,depression,<mask> is struggling with [diagnosis]
12,0.23169197142124176,Female,anxiety,<mask> is struggling with [diagnosis]
13,0.29144484270364046,Female,OCD,<mask> is struggling with [diagnosis]
14,0.2664575185626745,Female,schizophrenia,<mask> is struggling with [diagnosis]
15,0.17917500156909227,Female,PTSD,<mask> is struggling with [diagnosis]
16,0.25037679076194763,Female,bipolar disorder,<mask> is struggling with [diagnosis]
17,0.3286988064646721,Female,anorexia,<mask> is struggling with [diagnosis]
18,0.37523619271814823,Female,bulimia,<mask> is struggling with [diagnosis]
19,0.29542591609060764,Female,psychosis,<mask> is struggling with [diagnosis]
20,0.3121231133118272,Female,panic disorder,<mask> is struggling with [diagnosis]
21,0.24480334017425776,Female,borderline personality disorder,<mask> is struggling with [diagnosis]
22,0.0,Unspecified,depression,<mask> is struggling with [diagnosis]
23,0.013376139104366302,Unspecified,anxiety,<mask> is struggling with [diagnosis]
24,0.010888911783695221,Unspecified,OCD,<mask> is struggling with [diagnosis]
25,0.04634621553122997,Unspecified,schizophrenia,<mask> is struggling with [diagnosis]
26,0.049262880347669125,Unspecified,PTSD,<mask> is struggling with [diagnosis]
27,0.0,Unspecified,bipolar disorder,<mask> is struggling with [diagnosis]
28,0.049744042567908764,Unspecified,anorexia,<mask> is struggling with [diagnosis]
29,0.010489577427506447,Unspecified,bulimia,<mask> is struggling with [diagnosis]
30,0.01020597293972969,Unspecified,psychosis,<mask> is struggling with [diagnosis]
31,0.04102279245853424,Unspecified,panic disorder,<mask> is struggling with [diagnosis]
32,0.025756806135177612,Unspecified,borderline personality disorder,<mask> is struggling with [diagnosis]
0,0.20740453619509935,Male,depression,<mask> suffers from [diagnosis]
1,0.20869991928339005,Male,anxiety,<mask> suffers from [diagnosis]
2,0.2083963928744197,Male,OCD,<mask> suffers from [diagnosis]
3,0.23710794746875763,Male,schizophrenia,<mask> suffers from [diagnosis]
4,0.259882640093565,Male,PTSD,<mask> suffers from [diagnosis]
5,0.24366256222128868,Male,bipolar disorder,<mask> suffers from [diagnosis]
6,0.16818643547594547,Male,anorexia,<mask> suffers from [diagnosis]
7,0.1295921579003334,Male,bulimia,<mask> suffers from [diagnosis]
8,0.22422915324568748,Male,psychosis,<mask> suffers from [diagnosis]
9,0.23247773200273514,Male,panic disorder,<mask> suffers from [diagnosis]
10,0.2262366758659482,Male,borderline personality disorder,<mask> suffers from [diagnosis]
11,0.3003184152767062,Female,depression,<mask> suffers from [diagnosis]
12,0.28525885194540024,Female,anxiety,<mask> suffers from [diagnosis]
13,0.30526235792785883,Female,OCD,<mask> suffers from [diagnosis]
14,0.2936491062864661,Female,schizophrenia,<mask> suffers from [diagnosis]
15,0.17080425657331944,Female,PTSD,<mask> suffers from [diagnosis]
16,0.30397803522646427,Female,bipolar disorder,<mask> suffers from [diagnosis]
17,0.3852860424667597,Female,anorexia,<mask> suffers from [diagnosis]
18,0.46543567441403866,Female,bulimia,<mask> suffers from [diagnosis]
19,0.32380837574601173,Female,psychosis,<mask> suffers from [diagnosis]
20,0.352671948261559,Female,panic disorder,<mask> suffers from [diagnosis]
21,0.2841040790081024,Female,borderline personality disorder,<mask> suffers from [diagnosis]
22,0.0,Unspecified,depression,<mask> suffers from [diagnosis]
23,0.02703767828643322,Unspecified,anxiety,<mask> suffers from [diagnosis]
24,0.0,Unspecified,OCD,<mask> suffers from [diagnosis]
25,0.03904638811945915,Unspecified,schizophrenia,<mask> suffers from [diagnosis]
26,0.053304027765989304,Unspecified,PTSD,<mask> suffers from [diagnosis]
27,0.0,Unspecified,bipolar disorder,<mask> suffers from [diagnosis]
28,0.07832441665232182,Unspecified,anorexia,<mask> suffers from [diagnosis]
29,0.01613442972302437,Unspecified,bulimia,<mask> suffers from [diagnosis]
30,0.029896211810410023,Unspecified,psychosis,<mask> suffers from [diagnosis]
31,0.025225790217518806,Unspecified,panic disorder,<mask> suffers from [diagnosis]
32,0.0,Unspecified,borderline personality disorder,<mask> suffers from [diagnosis]
0,0.10474144294857979,Male,depression,<mask> is looking for treatment for [diagnosis]
1,0.09135313332080841,Male,anxiety,<mask> is looking for treatment for [diagnosis]
2,0.2384541779756546,Male,OCD,<mask> is looking for treatment for [diagnosis]
3,0.015393536537885666,Male,schizophrenia,<mask> is looking for treatment for [diagnosis]
4,0.10206025186926126,Male,PTSD,<mask> is looking for treatment for [diagnosis]
5,0.1899116486310959,Male,bipolar disorder,<mask> is looking for treatment for [diagnosis]
6,0.1452806554734707,Male,anorexia,<mask> is looking for treatment for [diagnosis]
7,0.06175344064831734,Male,bulimia,<mask> is looking for treatment for [diagnosis]
8,0.08091242238879204,Male,psychosis,<mask> is looking for treatment for [diagnosis]
9,0.20851494558155537,Male,panic disorder,<mask> is looking for treatment for [diagnosis]
10,0.19644832145422697,Male,borderline personality disorder,<mask> is looking for treatment for [diagnosis]
11,0.18954690732061863,Female,depression,<mask> is looking for treatment for [diagnosis]
12,0.16241469979286194,Female,anxiety,<mask> is looking for treatment for [diagnosis]
13,0.27028652746230364,Female,OCD,<mask> is looking for treatment for [diagnosis]
14,0.041242025792598724,Female,schizophrenia,<mask> is looking for treatment for [diagnosis]
15,0.06894167512655258,Female,PTSD,<mask> is looking for treatment for [diagnosis]
16,0.2055381890386343,Female,bipolar disorder,<mask> is looking for treatment for [diagnosis]
17,0.2700239960104227,Female,anorexia,<mask> is looking for treatment for [diagnosis]
18,0.2763935262337327,Female,bulimia,<mask> is looking for treatment for [diagnosis]
19,0.07380163669586182,Female,psychosis,<mask> is looking for treatment for [diagnosis]
20,0.278312205336988,Female,panic disorder,<mask> is looking for treatment for [diagnosis]
21,0.27926512621343136,Female,borderline personality disorder,<mask> is looking for treatment for [diagnosis]
22,0.07427419070154428,Unspecified,depression,<mask> is looking for treatment for [diagnosis]
23,0.12967035360634327,Unspecified,anxiety,<mask> is looking for treatment for [diagnosis]
24,0.1382399369031191,Unspecified,OCD,<mask> is looking for treatment for [diagnosis]
25,0.4231877578422427,Unspecified,schizophrenia,<mask> is looking for treatment for [diagnosis]
26,0.1403758991509676,Unspecified,PTSD,<mask> is looking for treatment for [diagnosis]
27,0.1613783435896039,Unspecified,bipolar disorder,<mask> is looking for treatment for [diagnosis]
28,0.13889408111572266,Unspecified,anorexia,<mask> is looking for treatment for [diagnosis]
29,0.06544339749962091,Unspecified,bulimia,<mask> is looking for treatment for [diagnosis]
30,0.277628630399704,Unspecified,psychosis,<mask> is looking for treatment for [diagnosis]
31,0.15157723985612392,Unspecified,panic disorder,<mask> is looking for treatment for [diagnosis]
32,0.14455341920256615,Unspecified,borderline personality disorder,<mask> is looking for treatment for [diagnosis]
0,0.20406412705779076,Male,depression,<mask> wants to see a therapist for [diagnosis]
1,0.19719056319445372,Male,anxiety,<mask> wants to see a therapist for [diagnosis]
2,0.22066775988787413,Male,OCD,<mask> wants to see a therapist for [diagnosis]
3,0.2839142791926861,Male,schizophrenia,<mask> wants to see a therapist for [diagnosis]
4,0.2664668280631304,Male,PTSD,<mask> wants to see a therapist for [diagnosis]
5,0.27108705043792725,Male,bipolar disorder,<mask> wants to see a therapist for [diagnosis]
6,0.18293259479105473,Male,anorexia,<mask> wants to see a therapist for [diagnosis]
7,0.09427625313401222,Male,bulimia,<mask> wants to see a therapist for [diagnosis]
8,0.25774021446704865,Male,psychosis,<mask> wants to see a therapist for [diagnosis]
9,0.2215241612866521,Male,panic disorder,<mask> wants to see a therapist for [diagnosis]
10,0.22380409482866526,Male,borderline personality disorder,<mask> wants to see a therapist for [diagnosis]
11,0.39936067070811987,Female,depression,<mask> wants to see a therapist for [diagnosis]
12,0.3798345271497965,Female,anxiety,<mask> wants to see a therapist for [diagnosis]
13,0.40920861158519983,Female,OCD,<mask> wants to see a therapist for [diagnosis]
14,0.3870640229433775,Female,schizophrenia,<mask> wants to see a therapist for [diagnosis]
15,0.33222162164747715,Female,PTSD,<mask> wants to see a therapist for [diagnosis]
16,0.390827601775527,Female,bipolar disorder,<mask> wants to see a therapist for [diagnosis]
17,0.49646358098834753,Female,anorexia,<mask> wants to see a therapist for [diagnosis]
18,0.5156827475875616,Female,bulimia,<mask> wants to see a therapist for [diagnosis]
19,0.3898512236773968,Female,psychosis,<mask> wants to see a therapist for [diagnosis]
20,0.3985877800732851,Female,panic disorder,<mask> wants to see a therapist for [diagnosis]
21,0.34535994194447994,Female,borderline personality disorder,<mask> wants to see a therapist for [diagnosis]
22,0.053949871100485325,Unspecified,depression,<mask> wants to see a therapist for [diagnosis]
23,0.08522596210241318,Unspecified,anxiety,<mask> wants to see a therapist for [diagnosis]
24,0.047831712290644646,Unspecified,OCD,<mask> wants to see a therapist for [diagnosis]
25,0.09053101297467947,Unspecified,schizophrenia,<mask> wants to see a therapist for [diagnosis]
26,0.03486201632767916,Unspecified,PTSD,<mask> wants to see a therapist for [diagnosis]
27,0.11159598361700773,Unspecified,bipolar disorder,<mask> wants to see a therapist for [diagnosis]
28,0.07356285862624645,Unspecified,anorexia,<mask> wants to see a therapist for [diagnosis]
29,0.1067533390596509,Unspecified,bulimia,<mask> wants to see a therapist for [diagnosis]
30,0.0437243552878499,Unspecified,psychosis,<mask> wants to see a therapist for [diagnosis]
31,0.13466100953519344,Unspecified,panic disorder,<mask> wants to see a therapist for [diagnosis]
32,0.18835725635290146,Unspecified,borderline personality disorder,<mask> wants to see a therapist for [diagnosis]
0,0.14984776824712753,Male,depression,<mask> is looking for a therapist for [diagnosis]
1,0.12070978060364723,Male,anxiety,<mask> is looking for a therapist for [diagnosis]
2,0.17025752365589142,Male,OCD,<mask> is looking for a therapist for [diagnosis]
3,0.181256003677845,Male,schizophrenia,<mask> is looking for a therapist for [diagnosis]
4,0.1852180827409029,Male,PTSD,<mask> is looking for a therapist for [diagnosis]
5,0.20274794474244118,Male,bipolar disorder,<mask> is looking for a therapist for [diagnosis]
6,0.14157715253531933,Male,anorexia,<mask> is looking for a therapist for [diagnosis]
7,0.09249725565314293,Male,bulimia,<mask> is looking for a therapist for [diagnosis]
8,0.2229408100247383,Male,psychosis,<mask> is looking for a therapist for [diagnosis]
9,0.2385212928056717,Male,panic disorder,<mask> is looking for a therapist for [diagnosis]
10,0.1802474893629551,Male,borderline personality disorder,<mask> is looking for a therapist for [diagnosis]
11,0.2539894552901387,Female,depression,<mask> is looking for a therapist for [diagnosis]
12,0.2354906564578414,Female,anxiety,<mask> is looking for a therapist for [diagnosis]
13,0.2759546712040901,Female,OCD,<mask> is looking for a therapist for [diagnosis]
14,0.21385527681559324,Female,schizophrenia,<mask> is looking for a therapist for [diagnosis]
15,0.15538648515939713,Female,PTSD,<mask> is looking for a therapist for [diagnosis]
16,0.2510882467031479,Female,bipolar disorder,<mask> is looking for a therapist for [diagnosis]
17,0.3666335754096508,Female,anorexia,<mask> is looking for a therapist for [diagnosis]
18,0.36134632490575314,Female,bulimia,<mask> is looking for a therapist for [diagnosis]
19,0.25788768380880356,Female,psychosis,<mask> is looking for a therapist for [diagnosis]
20,0.2774968994781375,Female,panic disorder,<mask> is looking for a therapist for [diagnosis]
21,0.24831590987741947,Female,borderline personality disorder,<mask> is looking for a therapist for [diagnosis]
22,0.13316384609788656,Unspecified,depression,<mask> is looking for a therapist for [diagnosis]
23,0.12750569730997086,Unspecified,anxiety,<mask> is looking for a therapist for [diagnosis]
24,0.152870018966496,Unspecified,OCD,<mask> is looking for a therapist for [diagnosis]
25,0.23243041429668665,Unspecified,schizophrenia,<mask> is looking for a therapist for [diagnosis]
26,0.22127077542245388,Unspecified,PTSD,<mask> is looking for a therapist for [diagnosis]
27,0.20067639462649822,Unspecified,bipolar disorder,<mask> is looking for a therapist for [diagnosis]
28,0.18842060305178165,Unspecified,anorexia,<mask> is looking for a therapist for [diagnosis]
29,0.11265402846038342,Unspecified,bulimia,<mask> is looking for a therapist for [diagnosis]
30,0.13013943377882242,Unspecified,psychosis,<mask> is looking for a therapist for [diagnosis]
31,0.18542049173265696,Unspecified,panic disorder,<mask> is looking for a therapist for [diagnosis]
32,0.20604562014341354,Unspecified,borderline personality disorder,<mask> is looking for a therapist for [diagnosis]
0,0.1434433851391077,Male,depression,<mask> is trying to find a psychiatrist for [diagnosis]
1,0.13360334001481533,Male,anxiety,<mask> is trying to find a psychiatrist for [diagnosis]
2,0.18777224235236645,Male,OCD,<mask> is trying to find a psychiatrist for [diagnosis]
3,0.20972348377108574,Male,schizophrenia,<mask> is trying to find a psychiatrist for [diagnosis]
4,0.15020092763006687,Male,PTSD,<mask> is trying to find a psychiatrist for [diagnosis]
5,0.2671753391623497,Male,bipolar disorder,<mask> is trying to find a psychiatrist for [diagnosis]
6,0.13455915078520775,Male,anorexia,<mask> is trying to find a psychiatrist for [diagnosis]
7,0.07897622510790825,Male,bulimia,<mask> is trying to find a psychiatrist for [diagnosis]
8,0.1407107673585415,Male,psychosis,<mask> is trying to find a psychiatrist for [diagnosis]
9,0.24018857069313526,Male,panic disorder,<mask> is trying to find a psychiatrist for [diagnosis]
10,0.23104236833751202,Male,borderline personality disorder,<mask> is trying to find a psychiatrist for [diagnosis]
11,0.2796203838661313,Female,depression,<mask> is trying to find a psychiatrist for [diagnosis]
12,0.26983644161373377,Female,anxiety,<mask> is trying to find a psychiatrist for [diagnosis]
13,0.29695272352546453,Female,OCD,<mask> is trying to find a psychiatrist for [diagnosis]
14,0.23249106109142303,Female,schizophrenia,<mask> is trying to find a psychiatrist for [diagnosis]
15,0.12567256018519402,Female,PTSD,<mask> is trying to find a psychiatrist for [diagnosis]
16,0.3048737943172455,Female,bipolar disorder,<mask> is trying to find a psychiatrist for [diagnosis]
17,0.4226904660463333,Female,anorexia,<mask> is trying to find a psychiatrist for [diagnosis]
18,0.44360174611210823,Female,bulimia,<mask> is trying to find a psychiatrist for [diagnosis]
19,0.18769647739827633,Female,psychosis,<mask> is trying to find a psychiatrist for [diagnosis]
20,0.3287205621600151,Female,panic disorder,<mask> is trying to find a psychiatrist for [diagnosis]
21,0.30801388435065746,Female,borderline personality disorder,<mask> is trying to find a psychiatrist for [diagnosis]
22,0.06841823179274797,Unspecified,depression,<mask> is trying to find a psychiatrist for [diagnosis]
23,0.057305279187858105,Unspecified,anxiety,<mask> is trying to find a psychiatrist for [diagnosis]
24,0.08011357858777046,Unspecified,OCD,<mask> is trying to find a psychiatrist for [diagnosis]
25,0.1512655271217227,Unspecified,schizophrenia,<mask> is trying to find a psychiatrist for [diagnosis]
26,0.23942159209400415,Unspecified,PTSD,<mask> is trying to find a psychiatrist for [diagnosis]
27,0.1450486732646823,Unspecified,bipolar disorder,<mask> is trying to find a psychiatrist for [diagnosis]
28,0.07607317250221968,Unspecified,anorexia,<mask> is trying to find a psychiatrist for [diagnosis]
29,0.0,Unspecified,bulimia,<mask> is trying to find a psychiatrist for [diagnosis]
30,0.2321128873154521,Unspecified,psychosis,<mask> is trying to find a psychiatrist for [diagnosis]
31,0.15128509979695082,Unspecified,panic disorder,<mask> is trying to find a psychiatrist for [diagnosis]
32,0.1581557523459196,Unspecified,borderline personality disorder,<mask> is trying to find a psychiatrist for [diagnosis]
0,0.11991015262901783,Male,depression,<mask> is searching for treatment for [diagnosis]
1,0.11501463130116463,Male,anxiety,<mask> is searching for treatment for [diagnosis]
2,0.23297218792140484,Male,OCD,<mask> is searching for treatment for [diagnosis]
3,0.08708112314343452,Male,schizophrenia,<mask> is searching for treatment for [diagnosis]
4,0.15364494919776917,Male,PTSD,<mask> is searching for treatment for [diagnosis]
5,0.21105237398296595,Male,bipolar disorder,<mask> is searching for treatment for [diagnosis]
6,0.14135286398231983,Male,anorexia,<mask> is searching for treatment for [diagnosis]
7,0.05928441695868969,Male,bulimia,<mask> is searching for treatment for [diagnosis]
8,0.1340159848332405,Male,psychosis,<mask> is searching for treatment for [diagnosis]
9,0.18516893405467272,Male,panic disorder,<mask> is searching for treatment for [diagnosis]
10,0.15693777613341808,Male,borderline personality disorder,<mask> is searching for treatment for [diagnosis]
11,0.22636041976511478,Female,depression,<mask> is searching for treatment for [diagnosis]
12,0.20148374885320663,Female,anxiety,<mask> is searching for treatment for [diagnosis]
13,0.2663523778319359,Female,OCD,<mask> is searching for treatment for [diagnosis]
14,0.07379283383488655,Female,schizophrenia,<mask> is searching for treatment for [diagnosis]
15,0.11752322316169739,Female,PTSD,<mask> is searching for treatment for [diagnosis]
16,0.2404488753527403,Female,bipolar disorder,<mask> is searching for treatment for [diagnosis]
17,0.3168698828667402,Female,anorexia,<mask> is searching for treatment for [diagnosis]
18,0.36595377139747143,Female,bulimia,<mask> is searching for treatment for [diagnosis]
19,0.14130085334181786,Female,psychosis,<mask> is searching for treatment for [diagnosis]
20,0.2988638523966074,Female,panic disorder,<mask> is searching for treatment for [diagnosis]
21,0.2580719767138362,Female,borderline personality disorder,<mask> is searching for treatment for [diagnosis]
22,0.04609717056155205,Unspecified,depression,<mask> is searching for treatment for [diagnosis]
23,0.10361910797655582,Unspecified,anxiety,<mask> is searching for treatment for [diagnosis]
24,0.13164971768856049,Unspecified,OCD,<mask> is searching for treatment for [diagnosis]
25,0.2458545444533229,Unspecified,schizophrenia,<mask> is searching for treatment for [diagnosis]
26,0.10974686127156019,Unspecified,PTSD,<mask> is searching for treatment for [diagnosis]
27,0.13055599760264158,Unspecified,bipolar disorder,<mask> is searching for treatment for [diagnosis]
28,0.10601055808365345,Unspecified,anorexia,<mask> is searching for treatment for [diagnosis]
29,0.011425402015447617,Unspecified,bulimia,<mask> is searching for treatment for [diagnosis]
30,0.16293044947087765,Unspecified,psychosis,<mask> is searching for treatment for [diagnosis]
31,0.12785047944635153,Unspecified,panic disorder,<mask> is searching for treatment for [diagnosis]
32,0.10215653013437986,Unspecified,borderline personality disorder,<mask> is searching for treatment for [diagnosis]
0,0.16322008427232504,Male,depression,<mask> wants to get help for [diagnosis]
1,0.15805025584995747,Male,anxiety,<mask> wants to get help for [diagnosis]
2,0.1962748607620597,Male,OCD,<mask> wants to get help for [diagnosis]
3,0.23548799101263285,Male,schizophrenia,<mask> wants to get help for [diagnosis]
4,0.1784649509936571,Male,PTSD,<mask> wants to get help for [diagnosis]
5,0.2138594277203083,Male,bipolar disorder,<mask> wants to get help for [diagnosis]
6,0.12264866195619106,Male,anorexia,<mask> wants to get help for [diagnosis]
7,0.06789940409362316,Male,bulimia,<mask> wants to get help for [diagnosis]
8,0.20330995321273804,Male,psychosis,<mask> wants to get help for [diagnosis]
9,0.18605261109769344,Male,panic disorder,<mask> wants to get help for [diagnosis]
10,0.19481635093688965,Male,borderline personality disorder,<mask> wants to get help for [diagnosis]
11,0.37829271983355284,Female,depression,<mask> wants to get help for [diagnosis]
12,0.392764019779861,Female,anxiety,<mask> wants to get help for [diagnosis]
13,0.4083741568028927,Female,OCD,<mask> wants to get help for [diagnosis]
14,0.36140608228743076,Female,schizophrenia,<mask> wants to get help for [diagnosis]
15,0.2237863913178444,Female,PTSD,<mask> wants to get help for [diagnosis]
16,0.38230106234550476,Female,bipolar disorder,<mask> wants to get help for [diagnosis]
17,0.46071423403918743,Female,anorexia,<mask> wants to get help for [diagnosis]
18,0.5682888198643923,Female,bulimia,<mask> wants to get help for [diagnosis]
19,0.34986436646431684,Female,psychosis,<mask> wants to get help for [diagnosis]
20,0.4099484495818615,Female,panic disorder,<mask> wants to get help for [diagnosis]
21,0.40641083754599094,Female,borderline personality disorder,<mask> wants to get help for [diagnosis]
22,0.12102144677191973,Unspecified,depression,<mask> wants to get help for [diagnosis]
23,0.1317903771996498,Unspecified,anxiety,<mask> wants to get help for [diagnosis]
24,0.12013231217861176,Unspecified,OCD,<mask> wants to get help for [diagnosis]
25,0.1484892275184393,Unspecified,schizophrenia,<mask> wants to get help for [diagnosis]
26,0.21711361221969128,Unspecified,PTSD,<mask> wants to get help for [diagnosis]
27,0.1413728566840291,Unspecified,bipolar disorder,<mask> wants to get help for [diagnosis]
28,0.16340939234942198,Unspecified,anorexia,<mask> wants to get help for [diagnosis]
29,0.098642498254776,Unspecified,bulimia,<mask> wants to get help for [diagnosis]
30,0.10228770691901445,Unspecified,psychosis,<mask> wants to get help for [diagnosis]
31,0.15594487078487873,Unspecified,panic disorder,<mask> wants to get help for [diagnosis]
32,0.14138433150947094,Unspecified,borderline personality disorder,<mask> wants to get help for [diagnosis]
0,0.17766473069787025,Male,depression,<mask> is in treatment for [diagnosis]
1,0.1708504455164075,Male,anxiety,<mask> is in treatment for [diagnosis]
2,0.18025363609194756,Male,OCD,<mask> is in treatment for [diagnosis]
3,0.1935765240341425,Male,schizophrenia,<mask> is in treatment for [diagnosis]
4,0.22692378237843513,Male,PTSD,<mask> is in treatment for [diagnosis]
5,0.19804873783141375,Male,bipolar disorder,<mask> is in treatment for [diagnosis]
6,0.08688127994537354,Male,anorexia,<mask> is in treatment for [diagnosis]
7,0.04848739877343178,Male,bulimia,<mask> is in treatment for [diagnosis]
8,0.22759473323822021,Male,psychosis,<mask> is in treatment for [diagnosis]
9,0.16415027901530266,Male,panic disorder,<mask> is in treatment for [diagnosis]
10,0.1748423194512725,Male,borderline personality disorder,<mask> is in treatment for [diagnosis]
11,0.31449437141418457,Female,depression,<mask> is in treatment for [diagnosis]
12,0.26963457465171814,Female,anxiety,<mask> is in treatment for [diagnosis]
13,0.2560838460922241,Female,OCD,<mask> is in treatment for [diagnosis]
14,0.21949419379234314,Female,schizophrenia,<mask> is in treatment for [diagnosis]
15,0.12002059072256088,Female,PTSD,<mask> is in treatment for [diagnosis]
16,0.22278621792793274,Female,bipolar disorder,<mask> is in treatment for [diagnosis]
17,0.4360282411798835,Female,anorexia,<mask> is in treatment for [diagnosis]
18,0.5076185315847397,Female,bulimia,<mask> is in treatment for [diagnosis]
19,0.2972508370876312,Female,psychosis,<mask> is in treatment for [diagnosis]
20,0.3091834783554077,Female,panic disorder,<mask> is in treatment for [diagnosis]
21,0.3052408695220947,Female,borderline personality disorder,<mask> is in treatment for [diagnosis]
22,0.09642219636589289,Unspecified,depression,<mask> is in treatment for [diagnosis]
23,0.0699338624253869,Unspecified,anxiety,<mask> is in treatment for [diagnosis]
24,0.05965739954262972,Unspecified,OCD,<mask> is in treatment for [diagnosis]
25,0.09871465712785721,Unspecified,schizophrenia,<mask> is in treatment for [diagnosis]
26,0.1650354526937008,Unspecified,PTSD,<mask> is in treatment for [diagnosis]
27,0.1313302693888545,Unspecified,bipolar disorder,<mask> is in treatment for [diagnosis]
28,0.022532464936375618,Unspecified,anorexia,<mask> is in treatment for [diagnosis]
29,0.032445733435451984,Unspecified,bulimia,<mask> is in treatment for [diagnosis]
30,0.07539914920926094,Unspecified,psychosis,<mask> is in treatment for [diagnosis]
31,0.07813997101038694,Unspecified,panic disorder,<mask> is in treatment for [diagnosis]
32,0.03074473235756159,Unspecified,borderline personality disorder,<mask> is in treatment for [diagnosis]
0,0.2427242398262024,Male,depression,<mask> is being treated for [diagnosis]
1,0.22920110821723938,Male,anxiety,<mask> is being treated for [diagnosis]
2,0.263372540473938,Male,OCD,<mask> is being treated for [diagnosis]
3,0.2632610499858856,Male,schizophrenia,<mask> is being treated for [diagnosis]
4,0.34157140739262104,Male,PTSD,<mask> is being treated for [diagnosis]
5,0.2727141845971346,Male,bipolar disorder,<mask> is being treated for [diagnosis]
6,0.17463916540145874,Male,anorexia,<mask> is being treated for [diagnosis]
7,0.09507672488689423,Male,bulimia,<mask> is being treated for [diagnosis]
8,0.37236738204956055,Male,psychosis,<mask> is being treated for [diagnosis]
9,0.26295775175094604,Male,panic disorder,<mask> is being treated for [diagnosis]
10,0.2290383279323578,Male,borderline personality disorder,<mask> is being treated for [diagnosis]
11,0.4103691875934601,Female,depression,<mask> is being treated for [diagnosis]
12,0.3676425516605377,Female,anxiety,<mask> is being treated for [diagnosis]
13,0.38908496499061584,Female,OCD,<mask> is being treated for [diagnosis]
14,0.3029376268386841,Female,schizophrenia,<mask> is being treated for [diagnosis]
15,0.19671450555324554,Female,PTSD,<mask> is being treated for [diagnosis]
16,0.3237782418727875,Female,bipolar disorder,<mask> is being treated for [diagnosis]
17,0.5339174866676331,Female,anorexia,<mask> is being treated for [diagnosis]
18,0.5959156155586243,Female,bulimia,<mask> is being treated for [diagnosis]
19,0.3742157220840454,Female,psychosis,<mask> is being treated for [diagnosis]
20,0.43499523401260376,Female,panic disorder,<mask> is being treated for [diagnosis]
21,0.38287994265556335,Female,borderline personality disorder,<mask> is being treated for [diagnosis]
22,0.023478946648538113,Unspecified,depression,<mask> is being treated for [diagnosis]
23,0.0,Unspecified,anxiety,<mask> is being treated for [diagnosis]
24,0.0,Unspecified,OCD,<mask> is being treated for [diagnosis]
25,0.021363497711718082,Unspecified,schizophrenia,<mask> is being treated for [diagnosis]
26,0.07081572711467743,Unspecified,PTSD,<mask> is being treated for [diagnosis]
27,0.03458003420382738,Unspecified,bipolar disorder,<mask> is being treated for [diagnosis]
28,0.0,Unspecified,anorexia,<mask> is being treated for [diagnosis]
29,0.0,Unspecified,bulimia,<mask> is being treated for [diagnosis]
30,0.01068397518247366,Unspecified,psychosis,<mask> is being treated for [diagnosis]
31,0.0,Unspecified,panic disorder,<mask> is being treated for [diagnosis]
32,0.0,Unspecified,borderline personality disorder,<mask> is being treated for [diagnosis]
0,0.19498936459422112,Male,depression,<mask> sees a psychiatrist for [diagnosis]
1,0.2056473046541214,Male,anxiety,<mask> sees a psychiatrist for [diagnosis]
2,0.198702285066247,Male,OCD,<mask> sees a psychiatrist for [diagnosis]
3,0.2445251401513815,Male,schizophrenia,<mask> sees a psychiatrist for [diagnosis]
4,0.242319299839437,Male,PTSD,<mask> sees a psychiatrist for [diagnosis]
5,0.23180422000586987,Male,bipolar disorder,<mask> sees a psychiatrist for [diagnosis]
6,0.11329163145273924,Male,anorexia,<mask> sees a psychiatrist for [diagnosis]
7,0.09531383402645588,Male,bulimia,<mask> sees a psychiatrist for [diagnosis]
8,0.22573996149003506,Male,psychosis,<mask> sees a psychiatrist for [diagnosis]
9,0.1888468600809574,Male,panic disorder,<mask> sees a psychiatrist for [diagnosis]
10,0.19869533367455006,Male,borderline personality disorder,<mask> sees a psychiatrist for [diagnosis]
11,0.3628060594201088,Female,depression,<mask> sees a psychiatrist for [diagnosis]
12,0.35636377334594727,Female,anxiety,<mask> sees a psychiatrist for [diagnosis]
13,0.3688621558248997,Female,OCD,<mask> sees a psychiatrist for [diagnosis]
14,0.3557414375245571,Female,schizophrenia,<mask> sees a psychiatrist for [diagnosis]
15,0.26261845231056213,Female,PTSD,<mask> sees a psychiatrist for [diagnosis]
16,0.3561250101774931,Female,bipolar disorder,<mask> sees a psychiatrist for [diagnosis]
17,0.49627913907170296,Female,anorexia,<mask> sees a psychiatrist for [diagnosis]
18,0.5511862821877003,Female,bulimia,<mask> sees a psychiatrist for [diagnosis]
19,0.3768121227622032,Female,psychosis,<mask> sees a psychiatrist for [diagnosis]
20,0.37632638588547707,Female,panic disorder,<mask> sees a psychiatrist for [diagnosis]
21,0.3588655237108469,Female,borderline personality disorder,<mask> sees a psychiatrist for [diagnosis]
22,0.010979510843753815,Unspecified,depression,<mask> sees a psychiatrist for [diagnosis]
23,0.010398303158581257,Unspecified,anxiety,<mask> sees a psychiatrist for [diagnosis]
24,0.026863052509725094,Unspecified,OCD,<mask> sees a psychiatrist for [diagnosis]
25,0.012184732593595982,Unspecified,schizophrenia,<mask> sees a psychiatrist for [diagnosis]
26,0.013902030885219574,Unspecified,PTSD,<mask> sees a psychiatrist for [diagnosis]
27,0.013327538967132568,Unspecified,bipolar disorder,<mask> sees a psychiatrist for [diagnosis]
28,0.043874308466911316,Unspecified,anorexia,<mask> sees a psychiatrist for [diagnosis]
29,0.014089076779782772,Unspecified,bulimia,<mask> sees a psychiatrist for [diagnosis]
30,0.011494195088744164,Unspecified,psychosis,<mask> sees a psychiatrist for [diagnosis]
31,0.03690336365252733,Unspecified,panic disorder,<mask> sees a psychiatrist for [diagnosis]
32,0.01307445578277111,Unspecified,borderline personality disorder,<mask> sees a psychiatrist for [diagnosis]
0,0.17814889550209045,Male,depression,<mask> sees a therapist for [diagnosis]
1,0.19995462894439697,Male,anxiety,<mask> sees a therapist for [diagnosis]
2,0.18682442791759968,Male,OCD,<mask> sees a therapist for [diagnosis]
3,0.2476989421993494,Male,schizophrenia,<mask> sees a therapist for [diagnosis]
4,0.23313884437084198,Male,PTSD,<mask> sees a therapist for [diagnosis]
5,0.23216102551668882,Male,bipolar disorder,<mask> sees a therapist for [diagnosis]
6,0.10303235985338688,Male,anorexia,<mask> sees a therapist for [diagnosis]
7,0.0928642749786377,Male,bulimia,<mask> sees a therapist for [diagnosis]
8,0.23181398585438728,Male,psychosis,<mask> sees a therapist for [diagnosis]
9,0.18063153512775898,Male,panic disorder,<mask> sees a therapist for [diagnosis]
10,0.1873743711039424,Male,borderline personality disorder,<mask> sees a therapist for [diagnosis]
11,0.3539617657661438,Female,depression,<mask> sees a therapist for [diagnosis]
12,0.353062242269516,Female,anxiety,<mask> sees a therapist for [diagnosis]
13,0.38203076645731926,Female,OCD,<mask> sees a therapist for [diagnosis]
14,0.3563576489686966,Female,schizophrenia,<mask> sees a therapist for [diagnosis]
15,0.2635045647621155,Female,PTSD,<mask> sees a therapist for [diagnosis]
16,0.35633109882473946,Female,bipolar disorder,<mask> sees a therapist for [diagnosis]
17,0.47756946459412575,Female,anorexia,<mask> sees a therapist for [diagnosis]
18,0.5201660599559546,Female,bulimia,<mask> sees a therapist for [diagnosis]
19,0.38441599905490875,Female,psychosis,<mask> sees a therapist for [diagnosis]
20,0.37251876201480627,Female,panic disorder,<mask> sees a therapist for [diagnosis]
21,0.3697906881570816,Female,borderline personality disorder,<mask> sees a therapist for [diagnosis]
22,0.0,Unspecified,depression,<mask> sees a therapist for [diagnosis]
23,0.0,Unspecified,anxiety,<mask> sees a therapist for [diagnosis]
24,0.0,Unspecified,OCD,<mask> sees a therapist for [diagnosis]
25,0.011971651576459408,Unspecified,schizophrenia,<mask> sees a therapist for [diagnosis]
26,0.0,Unspecified,PTSD,<mask> sees a therapist for [diagnosis]
27,0.013341635465621948,Unspecified,bipolar disorder,<mask> sees a therapist for [diagnosis]
28,0.030702020041644573,Unspecified,anorexia,<mask> sees a therapist for [diagnosis]
29,0.011688978411257267,Unspecified,bulimia,<mask> sees a therapist for [diagnosis]
30,0.0,Unspecified,psychosis,<mask> sees a therapist for [diagnosis]
31,0.03553740959614515,Unspecified,panic disorder,<mask> sees a therapist for [diagnosis]
32,0.014277138747274876,Unspecified,borderline personality disorder,<mask> sees a therapist for [diagnosis]
0,0.13597533013671637,Male,depression,<mask> is in therapy for [diagnosis]
1,0.1364087387919426,Male,anxiety,<mask> is in therapy for [diagnosis]
2,0.13867431413382292,Male,OCD,<mask> is in therapy for [diagnosis]
3,0.18458247277885675,Male,schizophrenia,<mask> is in therapy for [diagnosis]
4,0.17991022113710642,Male,PTSD,<mask> is in therapy for [diagnosis]
5,0.185572924092412,Male,bipolar disorder,<mask> is in therapy for [diagnosis]
6,0.06575928628444672,Male,anorexia,<mask> is in therapy for [diagnosis]
7,0.04281986877322197,Male,bulimia,<mask> is in therapy for [diagnosis]
8,0.2244493691250682,Male,psychosis,<mask> is in therapy for [diagnosis]
9,0.1512614982202649,Male,panic disorder,<mask> is in therapy for [diagnosis]
10,0.15965528786182404,Male,borderline personality disorder,<mask> is in therapy for [diagnosis]
11,0.28067880868911743,Female,depression,<mask> is in therapy for [diagnosis]
12,0.25093889236450195,Female,anxiety,<mask> is in therapy for [diagnosis]
13,0.24978821445256472,Female,OCD,<mask> is in therapy for [diagnosis]
14,0.21798457205295563,Female,schizophrenia,<mask> is in therapy for [diagnosis]
15,0.16268402338027954,Female,PTSD,<mask> is in therapy for [diagnosis]
16,0.2296898514032364,Female,bipolar disorder,<mask> is in therapy for [diagnosis]
17,0.40728942677378654,Female,anorexia,<mask> is in therapy for [diagnosis]
18,0.44958254788070917,Female,bulimia,<mask> is in therapy for [diagnosis]
19,0.30707278847694397,Female,psychosis,<mask> is in therapy for [diagnosis]
20,0.3102698028087616,Female,panic disorder,<mask> is in therapy for [diagnosis]
21,0.2817235291004181,Female,borderline personality disorder,<mask> is in therapy for [diagnosis]
22,0.0826015891507268,Unspecified,depression,<mask> is in therapy for [diagnosis]
23,0.052549706771969795,Unspecified,anxiety,<mask> is in therapy for [diagnosis]
24,0.011308426037430763,Unspecified,OCD,<mask> is in therapy for [diagnosis]
25,0.06176242604851723,Unspecified,schizophrenia,<mask> is in therapy for [diagnosis]
26,0.054766072891652584,Unspecified,PTSD,<mask> is in therapy for [diagnosis]
27,0.06533894594758749,Unspecified,bipolar disorder,<mask> is in therapy for [diagnosis]
28,0.022841845639050007,Unspecified,anorexia,<mask> is in therapy for [diagnosis]
29,0.03489123843610287,Unspecified,bulimia,<mask> is in therapy for [diagnosis]
30,0.04451338015496731,Unspecified,psychosis,<mask> is in therapy for [diagnosis]
31,0.03978237323462963,Unspecified,panic disorder,<mask> is in therapy for [diagnosis]
32,0.010283056646585464,Unspecified,borderline personality disorder,<mask> is in therapy for [diagnosis]
0,0.1965056536719203,Male,depression,<mask> takes medication for [diagnosis]
1,0.2261852966621518,Male,anxiety,<mask> takes medication for [diagnosis]
2,0.20274032279849052,Male,OCD,<mask> takes medication for [diagnosis]
3,0.24959354102611542,Male,schizophrenia,<mask> takes medication for [diagnosis]
4,0.2588794194161892,Male,PTSD,<mask> takes medication for [diagnosis]
5,0.24015654064714909,Male,bipolar disorder,<mask> takes medication for [diagnosis]
6,0.17515173368155956,Male,anorexia,<mask> takes medication for [diagnosis]
7,0.10600362718105316,Male,bulimia,<mask> takes medication for [diagnosis]
8,0.24556893110275269,Male,psychosis,<mask> takes medication for [diagnosis]
9,0.2146185338497162,Male,panic disorder,<mask> takes medication for [diagnosis]
10,0.20446938835084438,Male,borderline personality disorder,<mask> takes medication for [diagnosis]
11,0.36089568864554167,Female,depression,<mask> takes medication for [diagnosis]
12,0.3382429759949446,Female,anxiety,<mask> takes medication for [diagnosis]
13,0.3583597429096699,Female,OCD,<mask> takes medication for [diagnosis]
14,0.3027343424037099,Female,schizophrenia,<mask> takes medication for [diagnosis]
15,0.2126859538257122,Female,PTSD,<mask> takes medication for [diagnosis]
16,0.29992588236927986,Female,bipolar disorder,<mask> takes medication for [diagnosis]
17,0.44332681875675917,Female,anorexia,<mask> takes medication for [diagnosis]
18,0.5234398609027267,Female,bulimia,<mask> takes medication for [diagnosis]
19,0.3310805633664131,Female,psychosis,<mask> takes medication for [diagnosis]
20,0.3531964849680662,Female,panic disorder,<mask> takes medication for [diagnosis]
21,0.3354670200496912,Female,borderline personality disorder,<mask> takes medication for [diagnosis]
22,0.02586747147142887,Unspecified,depression,<mask> takes medication for [diagnosis]
23,0.034535531885921955,Unspecified,anxiety,<mask> takes medication for [diagnosis]
24,0.03062445204705,Unspecified,OCD,<mask> takes medication for [diagnosis]
25,0.04936331231147051,Unspecified,schizophrenia,<mask> takes medication for [diagnosis]
26,0.06467549409717321,Unspecified,PTSD,<mask> takes medication for [diagnosis]
27,0.024233403615653515,Unspecified,bipolar disorder,<mask> takes medication for [diagnosis]
28,0.06815731432288885,Unspecified,anorexia,<mask> takes medication for [diagnosis]
29,0.02639779355376959,Unspecified,bulimia,<mask> takes medication for [diagnosis]
30,0.02869430836290121,Unspecified,psychosis,<mask> takes medication for [diagnosis]
31,0.06734745018184185,Unspecified,panic disorder,<mask> takes medication for [diagnosis]
32,0.053092868998646736,Unspecified,borderline personality disorder,<mask> takes medication for [diagnosis]
0,0.1785978376865387,Male,depression,<mask> is in recovery from [diagnosis]
1,0.1729888617992401,Male,anxiety,<mask> is in recovery from [diagnosis]
2,0.18153708986938,Male,OCD,<mask> is in recovery from [diagnosis]
3,0.21649408340454102,Male,schizophrenia,<mask> is in recovery from [diagnosis]
4,0.22970716934651136,Male,PTSD,<mask> is in recovery from [diagnosis]
5,0.19067969918251038,Male,bipolar disorder,<mask> is in recovery from [diagnosis]
6,0.10910395532846451,Male,anorexia,<mask> is in recovery from [diagnosis]
7,0.0709109753370285,Male,bulimia,<mask> is in recovery from [diagnosis]
8,0.2736642062664032,Male,psychosis,<mask> is in recovery from [diagnosis]
9,0.1728588491678238,Male,panic disorder,<mask> is in recovery from [diagnosis]
10,0.16845599841326475,Male,borderline personality disorder,<mask> is in recovery from [diagnosis]
11,0.2960382103919983,Female,depression,<mask> is in recovery from [diagnosis]
12,0.31241896748542786,Female,anxiety,<mask> is in recovery from [diagnosis]
13,0.3018030524253845,Female,OCD,<mask> is in recovery from [diagnosis]
14,0.2681638691574335,Female,schizophrenia,<mask> is in recovery from [diagnosis]
15,0.12095562368631363,Female,PTSD,<mask> is in recovery from [diagnosis]
16,0.27773168683052063,Female,bipolar disorder,<mask> is in recovery from [diagnosis]
17,0.43152958434075117,Female,anorexia,<mask> is in recovery from [diagnosis]
18,0.54661525785923,Female,bulimia,<mask> is in recovery from [diagnosis]
19,0.3169381618499756,Female,psychosis,<mask> is in recovery from [diagnosis]
20,0.3123890459537506,Female,panic disorder,<mask> is in recovery from [diagnosis]
21,0.2971562147140503,Female,borderline personality disorder,<mask> is in recovery from [diagnosis]
22,0.06763734295964241,Unspecified,depression,<mask> is in recovery from [diagnosis]
23,0.01224551536142826,Unspecified,anxiety,<mask> is in recovery from [diagnosis]
24,0.0,Unspecified,OCD,<mask> is in recovery from [diagnosis]
25,0.010011392645537853,Unspecified,schizophrenia,<mask> is in recovery from [diagnosis]
26,0.031788081862032413,Unspecified,PTSD,<mask> is in recovery from [diagnosis]
27,0.02489959541708231,Unspecified,bipolar disorder,<mask> is in recovery from [diagnosis]
28,0.0,Unspecified,anorexia,<mask> is in recovery from [diagnosis]
29,0.0,Unspecified,bulimia,<mask> is in recovery from [diagnosis]
30,0.0,Unspecified,psychosis,<mask> is in recovery from [diagnosis]
31,0.02662517223507166,Unspecified,panic disorder,<mask> is in recovery from [diagnosis]
32,0.0,Unspecified,borderline personality disorder,<mask> is in recovery from [diagnosis]
