verb,MoreAuthority_Label,Ann1_raw,Ann2_raw,Ann3_raw,,,,
abandons,Agent,Agent,Agent,Agent,1222,Agent,70.35%,FALSE
abolishes,Agent,Agent,Agent,Agent,309,Equal,17.79%,FALSE
absorbs,Agent,Agent,equal,Agent,206,Theme,11.86%,FALSE
abuses,Agent,Agent,Agent,Agent,,,,FALSE
accelerates,Agent,equal,equal,Agent,,,,FALSE
accepts,Agent,Agent,Agent,Agent,,,,FALSE
accesses,Agent,equal,Agent,Agent,,,,FALSE
accommodates,equal,Agent,equal,Theme,,,,TRUE
accompanies,Theme,Theme,equal,equal,,,,FALSE
accomplishes,equal,equal,Agent,Theme,,,,TRUE
accords,Agent,equal,Agent,Agent,,,,FALSE
accounts,Agent,Agent,equal,equal,,,,FALSE
accumulates,Agent,Agent,equal,equal,,,,FALSE
accuses,Agent,Agent,equal,equal,,,,FALSE
achieves,Theme,Theme,Agent,Theme,,,,FALSE
acknowledges,Agent,Agent,equal,equal,,,,FALSE
acquaints,Agent,Agent,equal,equal,,,,FALSE
acquires,Agent,Agent,Agent,Agent,,,,FALSE
acquits,Agent,Agent,Agent,Theme,,,,FALSE
activates,Agent,Agent,Agent,Agent,,,,FALSE
adapts,Agent,equal,equal,Agent,,,,FALSE
addresses,equal,equal,equal,equal,,,,FALSE
adds,Agent,Agent,equal,equal,,,,FALSE
adjoins,Agent,Agent,Agent,equal,,,,FALSE
adjusts,Agent,Agent,equal,Agent,,,,FALSE
administers,Agent,Agent,Agent,Agent,,,,FALSE
admires,Theme,Theme,Theme,Theme,,,,FALSE
admits,Theme,equal,Theme,equal,,,,FALSE
adopts,Agent,Agent,equal,Agent,,,,FALSE
adores,Theme,equal,equal,Theme,,,,FALSE
adorns,Theme,Agent,Theme,Theme,,,,FALSE
advances,Agent,Agent,Agent,equal,,,,FALSE
advertises,Agent,equal,Agent,equal,,,,FALSE
advises,Agent,equal,Agent,Agent,,,,FALSE
advocates,equal,equal,equal,equal,,,,FALSE
affects,Agent,Agent,Agent,Agent,,,,FALSE
affirms,Agent,Agent,equal,Agent,,,,FALSE
affixes,Agent,equal,Agent,Agent,,,,FALSE
affords,Agent,Agent,Agent,equal,,,,FALSE
aggravates,Theme,Theme,equal,equal,,,,FALSE
agonizes over,Theme,equal,Theme,Theme,,,,FALSE
agrees on,equal,equal,equal,equal,,,,FALSE
aids,Agent,Agent,equal,equal,,,,FALSE
aims,equal,equal,equal,equal,,,,FALSE
alarms,Agent,equal,Agent,equal,,,,FALSE
alerts,Agent,Agent,Agent,equal,,,,FALSE
alleges,Agent,Agent,equal,equal,,,,FALSE
allows,Agent,Agent,Agent,Agent,,,,FALSE
alters,Agent,Agent,Agent,Agent,,,,FALSE
amends,Agent,Agent,Agent,Agent,,,,FALSE
amuses,Theme,Theme,equal,equal,,,,FALSE
analyzes,equal,equal,equal,equal,,,,FALSE
anchors,Agent,Agent,Agent,Agent,,,,FALSE
angers,equal,equal,equal,equal,,,,FALSE
animates,equal,equal,equal,equal,,,,FALSE
announces,Theme,Theme,Theme,equal,,,,FALSE
annoys,Agent,Agent,equal,equal,,,,FALSE
answers,Theme,equal,Theme,equal,,,,FALSE
anticipates,equal,equal,equal,equal,,,,FALSE
apologizes,Theme,Theme,equal,Theme,,,,FALSE
apologizes to,Theme,Theme,equal,Theme,,,,FALSE
appals,Agent,equal,equal,Agent,,,,FALSE
appeals,Theme,Theme,Theme,Agent,,,,FALSE
appeals to,Theme,Theme,Theme,Theme,,,,FALSE
applauds,Theme,Theme,equal,Theme,,,,FALSE
applies,Agent,Agent,Agent,equal,,,,FALSE
applies to,equal,equal,equal,equal,,,,FALSE
appoints,Agent,Theme,Agent,Agent,,,,FALSE
appraises,Agent,Agent,Agent,Theme,,,,FALSE
appreciates,equal,equal,equal,equal,,,,FALSE
approaches,equal,equal,equal,equal,,,,FALSE
approves,Agent,Agent,Agent,Theme,,,,FALSE
arches,Agent,equal,Agent,Agent,,,,FALSE
arcs,Agent,equal,Agent,equal,,,,FALSE
argues,equal,equal,equal,equal,,,,FALSE
arms,Agent,equal,Agent,Agent,,,,FALSE
arouses,Agent,equal,equal,Agent,,,,FALSE
arranges,Agent,Agent,Agent,Agent,,,,FALSE
arrests,Agent,Agent,Agent,Agent,,,,FALSE
ascends,Theme,Theme,Theme,Agent,,,,FALSE
asks,Theme,Theme,Theme,Theme,,,,FALSE
assails,Agent,Agent,equal,Agent,,,,FALSE
assaults,Agent,equal,Agent,Agent,,,,FALSE
assembles,equal,Theme,equal,Agent,,,,TRUE
asserts,Agent,equal,Agent,Agent,,,,FALSE
assesses,equal,equal,equal,equal,,,,FALSE
assigns,Agent,Agent,Agent,Agent,,,,FALSE
assists,Theme,Theme,Theme,Agent,,,,FALSE
associates,equal,equal,equal,equal,,,,FALSE
assumes,Agent,Agent,equal,equal,,,,FALSE
assures,Agent,equal,equal,Agent,,,,FALSE
astonishes,Agent,Agent,Agent,Agent,,,,FALSE
attaches,Agent,equal,Agent,Agent,,,,FALSE
attaches to,Agent,equal,equal,Agent,,,,FALSE
attacks,Agent,equal,Agent,Agent,,,,FALSE
attempts,equal,equal,equal,equal,,,,FALSE
attends,Theme,Theme,equal,equal,,,,FALSE
attracts,equal,Agent,Theme,equal,,,,TRUE
attributes,Agent,Agent,equal,equal,,,,FALSE
authorizes,Agent,Agent,Agent,Agent,,,,FALSE
averts,Agent,equal,Agent,equal,,,,FALSE
avoids,Agent,equal,Agent,equal,,,,FALSE
awaits,Theme,Theme,Theme,Theme,,,,FALSE
awakens,Agent,equal,Agent,Agent,,,,FALSE
awards,Agent,Agent,Agent,equal,,,,FALSE
babbles,equal,equal,equal,equal,,,,FALSE
backhands,Agent,equal,Agent,Agent,,,,FALSE
backs,equal,Theme,equal,Agent,,,,TRUE
baffles,Agent,equal,Agent,Agent,,,,FALSE
bags,Agent,Agent,Agent,Agent,,,,FALSE
bails,Agent,equal,equal,Agent,,,,FALSE
bakes,Agent,Agent,Theme,Agent,,,,FALSE
balances,equal,equal,equal,equal,,,,FALSE
balls,Agent,equal,Agent,Agent,,,,FALSE
bandages,Agent,equal,Agent,equal,,,,FALSE
bangs,Agent,Agent,equal,equal,,,,FALSE
bans,Agent,Agent,Agent,Agent,,,,FALSE
barks,equal,Agent,equal,Theme,,,,TRUE
barrels,Agent,equal,equal,Agent,,,,FALSE
bars,Agent,Agent,Agent,Agent,,,,FALSE
bases,equal,equal,equal,equal,,,,FALSE
bashes,Agent,Agent,Agent,Agent,,,,FALSE
baths,Agent,Agent,Agent,equal,,,,FALSE
bats,Agent,Agent,Agent,Agent,,,,FALSE
batters,Agent,Agent,Agent,Agent,,,,FALSE
battles,Agent,equal,Agent,equal,,,,FALSE
bears,equal,equal,equal,equal,,,,FALSE
beats,Agent,Agent,Agent,Agent,,,,FALSE
beckons,Agent,Agent,Agent,equal,,,,FALSE
becomes,Theme,equal,equal,Theme,,,,FALSE
beeps,equal,equal,equal,equal,,,,FALSE
begins,equal,equal,equal,equal,,,,FALSE
begs,Theme,Theme,Theme,Theme,,,,FALSE
beholds,Theme,equal,equal,Theme,,,,FALSE
believes,Theme,equal,equal,Theme,,,,FALSE
bellows,Agent,Agent,equal,equal,,,,FALSE
belongs to,Theme,Theme,Theme,Theme,,,,FALSE
belts,Agent,equal,equal,Agent,,,,FALSE
bends,Agent,equal,equal,Agent,,,,FALSE
benefits,Theme,Theme,equal,equal,,,,FALSE
besieges,Agent,Agent,equal,equal,,,,FALSE
betrays,Agent,equal,Agent,Agent,,,,FALSE
bets,equal,equal,equal,equal,,,,FALSE
betters,Agent,Agent,equal,Agent,,,,FALSE
bewilders,Agent,Agent,equal,equal,,,,FALSE
bids,Agent,equal,Agent,equal,,,,FALSE
binds,Agent,Agent,Agent,equal,,,,FALSE
bites,Agent,equal,Agent,Agent,,,,FALSE
blackens,Agent,Agent,Agent,Agent,,,,FALSE
blackmails,Agent,Agent,Agent,Agent,,,,FALSE
blames,Agent,Agent,equal,equal,,,,FALSE
blares,equal,equal,equal,equal,,,,FALSE
blasts,Agent,Agent,equal,equal,,,,FALSE
bleaches,Agent,Agent,equal,Agent,,,,FALSE
blends,Agent,Agent,equal,Agent,,,,FALSE
blesses,equal,equal,equal,equal,,,,FALSE
blinds,Agent,equal,Agent,Agent,,,,FALSE
blocks,Agent,Agent,equal,Agent,,,,FALSE
bloodies,Agent,equal,equal,Agent,,,,FALSE
blots,Agent,equal,Agent,Agent,,,,FALSE
blurs,Agent,Agent,Agent,Agent,,,,FALSE
blurts,equal,equal,equal,equal,,,,FALSE
boards,Agent,Agent,equal,equal,,,,FALSE
boasts,Agent,equal,equal,equal,equal,Agent,equal,FALSE
boils,Agent,Agent,Agent,Agent,,,,FALSE
bombs,Agent,Agent,Agent,equal,,,,FALSE
bones,Agent,equal,Agent,equal,,,,FALSE
books,equal,Agent,Theme,equal,,,,TRUE
boosts,Agent,Agent,equal,Agent,,,,FALSE
boots,Agent,Agent,Agent,Agent,,,,FALSE
borders,equal,equal,equal,equal,,,,FALSE
bores,equal,equal,equal,equal,,,,FALSE
borrows,Agent,Agent,Agent,equal,,,,FALSE
bothers,equal,Agent,equal,Theme,,,,TRUE
bounds,Agent,Agent,equal,Agent,,,,FALSE
bows to,Theme,Theme,Theme,Theme,Theme,Theme,Theme,FALSE
boxes,Agent,Agent,equal,equal,,,,FALSE
braces,Agent,equal,Agent,equal,,,,FALSE
brandishes,equal,equal,Theme,Agent,,,,TRUE
breaks,Agent,Agent,Agent,Agent,,,,FALSE
breeds,Agent,Agent,Agent,equal,,,,FALSE
briefs,Theme,Theme,equal,equal,,,,FALSE
brightens,Agent,equal,Agent,Agent,,,,FALSE
brings,Agent,Agent,Agent,equal,,,,FALSE
broadcasts,Agent,equal,Agent,equal,,,,FALSE
broadens,equal,equal,equal,equal,,,,FALSE
browses,Theme,equal,Theme,equal,,,,FALSE
bruises,Agent,Agent,equal,Agent,,,,FALSE
brushes,Theme,Theme,equal,Theme,,,,FALSE
buckles up,Agent,Agent,equal,Agent,,,,FALSE
bucks,Agent,Agent,equal,Agent,,,,FALSE
buffets,Agent,Agent,equal,equal,,,,FALSE
bugs,equal,equal,equal,equal,,,,FALSE
builds,Agent,Agent,Agent,Agent,,,,FALSE
bumps,Agent,equal,Agent,Agent,,,,FALSE
bundles,equal,equal,equal,equal,,,,FALSE
buries,Agent,Agent,Agent,Agent,,,,FALSE
burns,Agent,Agent,Agent,Agent,,,,FALSE
bursts,Agent,Agent,Agent,equal,,,,FALSE
busts,Agent,Agent,Agent,Agent,,,,FALSE
buttons,Agent,equal,Agent,equal,,,,FALSE
buys,Agent,Agent,Agent,Agent,,,,FALSE
cages,Agent,Agent,Agent,Agent,,,,FALSE
calculates,equal,equal,equal,equal,,,,FALSE
calls,Theme,Theme,equal,equal,,,,FALSE
calms,equal,equal,equal,equal,,,,FALSE
cancels,Agent,Agent,Agent,Agent,,,,FALSE
caps,Agent,Agent,Agent,Agent,,,,FALSE
captures,Agent,Agent,Agent,Agent,,,,FALSE
cares,equal,equal,equal,equal,,,,FALSE
caresses,equal,equal,equal,equal,,,,FALSE
carries,Agent,Agent,Agent,Agent,,,,FALSE
carves,Agent,Agent,Agent,Agent,,,,FALSE
cashes,Agent,equal,Agent,equal,,,,FALSE
casts,Agent,Agent,Agent,equal,,,,FALSE
catches,Agent,equal,Agent,Agent,,,,FALSE
causes,Agent,Agent,Agent,Agent,,,,FALSE
cautions,Agent,Agent,equal,equal,,,,FALSE
ceases,Agent,equal,Agent,equal,,,,FALSE
celebrates,Theme,Theme,equal,Theme,,,,FALSE
centers,Agent,Agent,equal,Agent,,,,FALSE
centers on,equal,equal,equal,equal,,,,FALSE
chains,Agent,Agent,Agent,equal,,,,FALSE
chalks,Agent,Agent,Agent,Agent,,,,FALSE
challenges,Agent,equal,Agent,equal,,,,FALSE
changes,Agent,Agent,Agent,Agent,,,,FALSE
chants,Theme,equal,equal,Theme,,,,FALSE
characterizes,Agent,Agent,equal,Agent,,,,FALSE
charges,Agent,Agent,Agent,equal,,,,FALSE
charms,Agent,Agent,equal,Agent,,,,FALSE
chars,Agent,equal,Agent,equal,,,,FALSE
chases,Theme,Agent,Theme,Theme,,,,FALSE
cheats,Agent,Agent,equal,Agent,,,,FALSE
checks,Agent,equal,Agent,equal,,,,FALSE
cheers,Theme,equal,equal,Theme,,,,FALSE
chews,Agent,Agent,Agent,Agent,,,,FALSE
chills,Agent,equal,equal,Agent,,,,FALSE
chips,Agent,equal,equal,Agent,,,,FALSE
chokes,Agent,Agent,Agent,Agent,,,,FALSE
chokes on,Theme,Theme,equal,Theme,,,,FALSE
chooses,Agent,Agent,Agent,Theme,,,,FALSE
chops,Agent,Agent,Agent,Agent,,,,FALSE
chucks,Agent,equal,Agent,Agent,,,,FALSE
chugs,Agent,Agent,Agent,Theme,,,,FALSE
churns,equal,equal,equal,equal,,,,FALSE
circles,Agent,Agent,Agent,equal,,,,FALSE
circulates,Agent,equal,equal,Agent,,,,FALSE
cites,Theme,Theme,Theme,Theme,,,,FALSE
claims,Agent,Agent,Agent,Theme,,,,FALSE
clamps,Agent,equal,Agent,Agent,,,,FALSE
claps,equal,equal,equal,equal,,,,FALSE
clarifies,equal,equal,equal,equal,,,,FALSE
clasps,Agent,Agent,equal,equal,,,,FALSE
classifies,Agent,Agent,equal,Agent,,,,FALSE
claws,Agent,Agent,equal,Agent,,,,FALSE
cleans,Agent,Agent,equal,Agent,,,,FALSE
cleanses,Agent,equal,Agent,Agent,,,,FALSE
clears,Agent,Agent,equal,Agent,,,,FALSE
clenches,Agent,Agent,Agent,equal,,,,FALSE
clicks,Agent,Agent,equal,equal,,,,FALSE
climbs,equal,equal,equal,equal,,,,FALSE
clings to,Theme,Theme,Theme,equal,,,,FALSE
clips,Agent,Agent,Agent,Agent,,,,FALSE
cloaks,Agent,Agent,Agent,Agent,,,,FALSE
clocks,Agent,equal,equal,Agent,,,,FALSE
clogs,Agent,Agent,equal,Agent,,,,FALSE
closes,Agent,Agent,Agent,Agent,,,,FALSE
clothes,Agent,Theme,Agent,Agent,,,,FALSE
clouds,Agent,Agent,Agent,Agent,,,,FALSE
clusters,Agent,Agent,equal,equal,,,,FALSE
clutches,equal,equal,equal,equal,,,,FALSE
clutters,Agent,equal,equal,Agent,,,,FALSE
coats,Agent,Agent,Theme,Agent,,,,FALSE
coaxes,equal,Theme,equal,Agent,,,,TRUE
coils,Agent,Agent,Agent,equal,,,,FALSE
collapses,Agent,Agent,Agent,Agent,,,,FALSE
collects,Theme,equal,Theme,Theme,,,,FALSE
collides with,Agent,Agent,equal,equal,,,,FALSE
colors,equal,equal,equal,equal,,,,FALSE
combines,Agent,equal,equal,Agent,,,,FALSE
combs,Agent,Agent,equal,equal,,,,FALSE
comforts,Agent,Agent,Agent,equal,,,,FALSE
commands,Agent,Agent,Agent,Agent,,,,FALSE
commemorates,Theme,Theme,equal,Theme,,,,FALSE
commences,Agent,Agent,Agent,equal,,,,FALSE
comments,equal,equal,equal,equal,,,,FALSE
commissions,Agent,Agent,Agent,equal,,,,FALSE
commits,Agent,equal,equal,Agent,,,,FALSE
communicates,Agent,equal,equal,Agent,,,,FALSE
compares,equal,equal,equal,equal,,,,FALSE
compels,Agent,Agent,Agent,Agent,,,,FALSE
compensates,Theme,equal,equal,Theme,,,,FALSE
compiles,Theme,equal,Theme,equal,,,,FALSE
completes,equal,equal,equal,equal,,,,FALSE
complicates,equal,equal,equal,equal,,,,FALSE
composes,Agent,Agent,Agent,Agent,,,,FALSE
comprehends,Theme,Theme,equal,equal,,,,FALSE
compromises,equal,equal,Theme,Agent,,,,TRUE
conceals,equal,Theme,equal,Agent,,,,TRUE
concedes,Theme,Theme,equal,equal,,,,FALSE
conceives,Agent,Agent,Agent,Agent,,,,FALSE
concentrates,Theme,equal,Theme,equal,,,,FALSE
concentrates on,Theme,Theme,equal,equal,,,,FALSE
concerns,equal,equal,equal,equal,,,,FALSE
concludes,Agent,equal,equal,Agent,,,,FALSE
condemns,Agent,Agent,equal,Agent,,,,FALSE
conducts,Agent,Agent,Agent,Agent,,,,FALSE
confers,equal,Agent,equal,Theme,,,,TRUE
confesses,equal,equal,equal,equal,,,,FALSE
confines,Agent,Agent,Agent,Agent,,,,FALSE
confirms,equal,Agent,equal,Theme,,,,TRUE
confiscates,Agent,Agent,Agent,Agent,,,,FALSE
confronts,equal,equal,equal,equal,,,,FALSE
confuses,Agent,equal,Agent,equal,,,,FALSE
congratulates,Theme,Theme,equal,Theme,,,,FALSE
connects,Agent,Agent,Agent,equal,,,,FALSE
conquers,Agent,Agent,Agent,Agent,,,,FALSE
considers,equal,equal,equal,equal,,,,FALSE
consists of,Theme,Theme,equal,equal,,,,FALSE
consoles,equal,equal,equal,equal,,,,FALSE
constitutes,Theme,equal,Theme,equal,,,,FALSE
constructs,Agent,Agent,Agent,Agent,,,,FALSE
consults,Theme,Theme,equal,Theme,,,,FALSE
consumes,Agent,Agent,Agent,equal,,,,FALSE
contacts,equal,equal,equal,equal,,,,FALSE
contains,Agent,Agent,Agent,Theme,,,,FALSE
contaminates,Agent,equal,Agent,Agent,,,,FALSE
contemplates,equal,equal,equal,equal,,,,FALSE
contests,Agent,Agent,equal,equal,,,,FALSE
continues,equal,equal,equal,equal,,,,FALSE
contorts,Agent,Agent,equal,Agent,,,,FALSE
contracts,Theme,equal,Theme,Theme,,,,FALSE
contradicts,Agent,Agent,equal,Agent,,,,FALSE
contrasts,equal,equal,equal,equal,,,,FALSE
contributes,Theme,Theme,equal,equal,,,,FALSE
controls,Agent,Agent,Agent,Agent,,,,FALSE
convenes,Agent,Agent,Agent,Agent,,,,FALSE
converts,Agent,Agent,equal,Agent,,,,FALSE
conveys,Agent,equal,equal,Agent,,,,FALSE
convicts,Agent,Agent,Agent,Agent,,,,FALSE
convinces,Agent,equal,Agent,Agent,,,,FALSE
convulses,Agent,equal,Agent,equal,,,,FALSE
cooks,equal,Theme,Agent,equal,,,,TRUE
cools,equal,equal,equal,equal,,,,FALSE
coordinates,Agent,Agent,equal,Agent,,,,FALSE
copies,Theme,Theme,Theme,Theme,,,,FALSE
cops,Agent,Agent,equal,equal,,,,FALSE
corners,Agent,Agent,Agent,Agent,,,,FALSE
corrects,Agent,Agent,Agent,Agent,,,,FALSE
corresponds with,equal,equal,equal,equal,,,,FALSE
costs,Agent,equal,Agent,equal,,,,FALSE
counters,Agent,equal,Agent,Agent,,,,FALSE
counts,equal,equal,equal,equal,,,,FALSE
courts,equal,Theme,Agent,equal,,,,TRUE
covers,Agent,Agent,Agent,Agent,,,,FALSE
crackles,Agent,Agent,Agent,equal,,,,FALSE
cracks,Agent,Agent,Agent,Agent,,,,FALSE
cradles,Agent,Agent,Agent,Agent,,,,FALSE
crams,Theme,equal,Theme,Theme,,,,FALSE
cranes,equal,equal,equal,equal,,,,FALSE
cranks,Agent,Agent,equal,Agent,,,,FALSE
crashes,Agent,Agent,equal,equal,,,,FALSE
creates,Agent,Agent,Agent,equal,,,,FALSE
credits,Theme,Theme,equal,Theme,,,,FALSE
criticizes,Agent,Agent,Agent,equal,,,,FALSE
crops,Agent,equal,equal,Agent,,,,FALSE
crosses,Agent,Agent,equal,equal,,,,FALSE
crosses out,Agent,Agent,Agent,Agent,,,,FALSE
crowds,Agent,Agent,equal,Agent,,,,FALSE
crucifies,Agent,Agent,Agent,Agent,,,,FALSE
crunches,Agent,Agent,equal,Agent,,,,FALSE
crushes,Agent,Agent,Agent,Agent,,,,FALSE
cuffs,Agent,Agent,Agent,Agent,,,,FALSE
cultivates,Agent,Agent,Agent,Agent,,,,FALSE
cups,Agent,Agent,Agent,equal,,,,FALSE
cures,Agent,Agent,Agent,equal,,,,FALSE
curls,Agent,Agent,equal,equal,,,,FALSE
curses,Agent,Agent,Agent,Agent,,,,FALSE
curtains,equal,equal,equal,equal,,,,FALSE
cuts,Agent,Agent,Agent,Agent,,,,FALSE
dabs,equal,equal,equal,equal,,,,FALSE
damages,Agent,Agent,equal,Agent,,,,FALSE
dangles,Agent,Agent,equal,Agent,,,,FALSE
dares,Agent,Agent,equal,Agent,,,,FALSE
darkens,equal,equal,equal,equal,,,,FALSE
dates,equal,equal,equal,equal,,,,FALSE
dazzles,Agent,Agent,equal,Agent,,,,FALSE
deafens,Agent,equal,equal,Agent,,,,FALSE
deals,Agent,equal,Agent,Agent,,,,FALSE
debates,equal,equal,equal,equal,,,,FALSE
decapitates,Agent,Agent,Agent,Agent,,,,FALSE
decides,Agent,Agent,equal,Agent,,,,FALSE
decks,equal,Agent,equal,Theme,,,,TRUE
declares,equal,equal,equal,equal,,,,FALSE
declines,Agent,Agent,Agent,Agent,,,,FALSE
decorates,equal,equal,equal,equal,,,,FALSE
decreases,Agent,Agent,Agent,Agent,,,,FALSE
dedicates,equal,equal,equal,equal,,,,FALSE
deems,Agent,equal,equal,Agent,,,,FALSE
deepens,equal,Theme,equal,Agent,,,,TRUE
defeats,Agent,Agent,Agent,Agent,,,,FALSE
defends,Agent,equal,equal,Agent,,,,FALSE
defers,Theme,Theme,Theme,Theme,,,,FALSE
defers to,Theme,Theme,equal,Theme,,,,FALSE
defies,Agent,equal,equal,Agent,,,,FALSE
defines,equal,equal,Agent,Theme,,,,TRUE
deflates,Agent,Agent,equal,Agent,,,,FALSE
deflects,Agent,Agent,equal,equal,,,,FALSE
delays,Agent,Agent,Agent,Agent,,,,FALSE
delights,Theme,equal,equal,Theme,,,,FALSE
delivers,Agent,Agent,equal,Agent,,,,FALSE
demands,Agent,equal,Agent,Agent,,,,FALSE
demolishes,Agent,Agent,Agent,Agent,,,,FALSE
demonstrates,Agent,equal,Agent,Agent,,,,FALSE
denies,Agent,Agent,Agent,Agent,,,,FALSE
denounces,Agent,equal,equal,Agent,,,,FALSE
dents,Agent,Agent,equal,Agent,,,,FALSE
departs,Theme,equal,Theme,equal,,,,FALSE
depends on,Theme,Theme,Theme,Theme,,,,FALSE
depicts,Agent,equal,Agent,equal,,,,FALSE
deploys,Agent,Agent,Agent,Agent,,,,FALSE
deposes,Agent,Agent,Agent,Agent,,,,FALSE
deposits,Agent,equal,equal,Agent,,,,FALSE
depresses,Agent,Agent,equal,Agent,,,,FALSE
deprives,Agent,Agent,Agent,Agent,,,,FALSE
derives,equal,equal,equal,equal,,,,FALSE
describes,equal,equal,equal,equal,,,,FALSE
deserts,Agent,Agent,Agent,equal,,,,FALSE
deserves,equal,equal,equal,equal,,,,FALSE
designates,Agent,Agent,Agent,Agent,,,,FALSE
designs,Agent,Agent,equal,Agent,,,,FALSE
desires,Theme,equal,Theme,Theme,,,,FALSE
despises,equal,equal,equal,equal,,,,FALSE
destroys,Agent,Agent,Agent,Agent,,,,FALSE
detaches,Agent,Agent,Agent,equal,,,,FALSE
detains,Agent,Agent,Agent,Agent,,,,FALSE
detects,Theme,equal,equal,Theme,,,,FALSE
determines,Agent,equal,equal,Agent,,,,FALSE
deters,Agent,Agent,equal,Agent,,,,FALSE
detonates,Agent,Agent,Agent,Agent,,,,FALSE
devastates,Agent,Agent,Agent,Agent,,,,FALSE
develops,Agent,equal,Agent,Agent,,,,FALSE
devises,Agent,equal,Agent,equal,,,,FALSE
devotes,equal,Theme,Agent,equal,,,,TRUE
diagnoses,Agent,Agent,Agent,Agent,,,,FALSE
dials,Agent,Agent,equal,Agent,,,,FALSE
dictates,Agent,Agent,Agent,equal,,,,FALSE
digests,Agent,equal,equal,Agent,,,,FALSE
digs,Agent,equal,Agent,equal,,,,FALSE
diminishes,Agent,Agent,Agent,Agent,,,,FALSE
dims,Agent,equal,equal,Agent,,,,FALSE
dips,Agent,equal,Agent,Agent,,,,FALSE
directs,Agent,Agent,Agent,Agent,,,,FALSE
disappoints,Theme,Theme,equal,Theme,,,,FALSE
disapproves of,Agent,equal,equal,Agent,,,,FALSE
disarms,Agent,Agent,Agent,Agent,,,,FALSE
disbelieves,Agent,Agent,equal,equal,,,,FALSE
discards,Agent,Agent,Agent,Agent,,,,FALSE
discharges,Agent,Agent,equal,Agent,,,,FALSE
discloses,equal,equal,equal,equal,,,,FALSE
disconnects,Agent,Agent,Agent,equal,,,,FALSE
discourages,Agent,equal,Agent,equal,,,,FALSE
discovers,Agent,Agent,equal,equal,,,,FALSE
discusses,equal,equal,equal,equal,,,,FALSE
disengages,Agent,equal,Agent,equal,,,,FALSE
disguises,Agent,equal,equal,Agent,,,,FALSE
disgusts,equal,Agent,Theme,equal,,,,TRUE
dishevels,Agent,Agent,equal,Agent,,,,FALSE
disintegrates,Agent,Agent,Agent,Agent,,,,FALSE
dislodges,Agent,Agent,equal,Agent,,,,FALSE
dismantles,Agent,Agent,equal,Agent,,,,FALSE
dismisses,Agent,Agent,Agent,Agent,,,,FALSE
disorients,Agent,equal,equal,Agent,,,,FALSE
dispatches,Agent,Agent,Agent,Agent,,,,FALSE
dispenses,Agent,Agent,Agent,equal,,,,FALSE
disperses,Agent,Agent,Agent,Agent,,,,FALSE
displaces,Agent,Agent,Agent,Agent,,,,FALSE
displays,Agent,equal,Agent,equal,,,,FALSE
disposes,Agent,Agent,Agent,Agent,,,,FALSE
disputes,Agent,Agent,Agent,equal,,,,FALSE
disrupts,Agent,equal,Agent,Agent,,,,FALSE
dissipates,Agent,Agent,equal,Agent,,,,FALSE
dissolves,Agent,Agent,Agent,Agent,,,,FALSE
distinguishes,Agent,Agent,equal,equal,,,,FALSE
distorts,Agent,equal,Agent,equal,,,,FALSE
distracts,Agent,equal,Agent,equal,,,,FALSE
distributes,Agent,Agent,Agent,equal,,,,FALSE
disturbs,equal,equal,equal,equal,,,,FALSE
ditches,Agent,Agent,Agent,Agent,,,,FALSE
diverts,Agent,Agent,equal,equal,,,,FALSE
divides,Agent,Agent,Theme,Agent,,,,FALSE
divorces,Agent,equal,Agent,equal,,,,FALSE
docks,Agent,Agent,equal,Agent,,,,FALSE
documents,equal,equal,equal,equal,,,,FALSE
dodges,Agent,Agent,equal,equal,,,,FALSE
does,Agent,Agent,Agent,equal,,,,FALSE
dogs,Agent,Agent,equal,Agent,,,,FALSE
dominates,Agent,Agent,Agent,Agent,,,,FALSE
donates,Theme,equal,equal,Theme,,,,FALSE
dons,Agent,equal,Agent,Agent,,,,FALSE
dooms,Agent,Agent,Agent,Agent,,,,FALSE
dots,Agent,Agent,equal,equal,,,,FALSE
doubles,Agent,Agent,equal,equal,,,,FALSE
doubts,Agent,equal,equal,Agent,,,,FALSE
douses,Agent,equal,Agent,Agent,,,,FALSE
downs,Agent,Agent,Agent,Agent,,,,FALSE
drafts,Agent,Agent,Agent,Agent,,,,FALSE
drags,Agent,Agent,equal,Agent,,,,FALSE
drains,Agent,Agent,Agent,equal,,,,FALSE
drapes,Agent,equal,Agent,equal,,,,FALSE
draws,Agent,equal,Agent,equal,,,,FALSE
dreads,Theme,Theme,Theme,Theme,,,,FALSE
dreams,Theme,Theme,equal,Theme,,,,FALSE
drenches,Agent,Agent,Agent,Agent,,,,FALSE
dresses,Agent,Agent,Agent,equal,,,,FALSE
dribbles,Agent,Agent,equal,Agent,,,,FALSE
dries,Agent,equal,equal,Agent,,,,FALSE
drills,Agent,Agent,Agent,Agent,,,,FALSE
drinks,Agent,Agent,Agent,equal,,,,FALSE
drips,equal,equal,equal,equal,,,,FALSE
drives,Agent,Agent,Agent,Agent,,,,FALSE
drops,Agent,equal,Agent,Agent,,,,FALSE
drowns,Agent,Agent,Agent,Agent,,,,FALSE
drugs,Agent,Agent,Agent,Agent,,,,FALSE
ducks,Theme,equal,equal,Theme,,,,FALSE
dumps,Agent,equal,Agent,Agent,,,,FALSE
dusts,Agent,Agent,equal,equal,,,,FALSE
dwarfs,Agent,Theme,Agent,Agent,,,,FALSE
dwells,Theme,Theme,equal,equal,,,,FALSE
earns,equal,equal,Theme,Agent,,,,TRUE
eases,equal,equal,equal,equal,,,,FALSE
eats,Agent,Agent,Agent,Agent,,,,FALSE
echoes,Theme,Theme,Theme,equal,,,,FALSE
edges,Agent,Agent,equal,Agent,,,,FALSE
edits,Agent,Agent,Agent,Agent,,,,FALSE
educates,Agent,Agent,Agent,Agent,,,,FALSE
ejects,Agent,Agent,Agent,Agent,,,,FALSE
elaborates,Theme,Theme,equal,Theme,,,,FALSE
elbows,Agent,Agent,Agent,equal,,,,FALSE
elects,Agent,Theme,Agent,Agent,,,,FALSE
elevates,equal,equal,Theme,Agent,,,,TRUE
eliminates,Agent,Agent,Agent,Agent,,,,FALSE
emanates,Agent,Agent,Agent,Agent,,,,FALSE
embarrasses,equal,equal,equal,equal,,,,FALSE
embeds,equal,Agent,Theme,equal,,,,TRUE
emblazons,Agent,Agent,equal,Agent,,,,FALSE
embraces,Agent,equal,equal,Agent,,,,FALSE
embroiders,Agent,Agent,Agent,Agent,,,,FALSE
emits,Theme,equal,Theme,equal,,,,FALSE
emphasizes,Agent,equal,equal,Agent,,,,FALSE
employs,Agent,Agent,equal,Agent,,,,FALSE
empties,Agent,Agent,equal,Agent,,,,FALSE
enables,Agent,Agent,Agent,Agent,,,,FALSE
enacts,equal,equal,Agent,Theme,,,,TRUE
encases,Agent,Agent,Agent,Agent,,,,FALSE
encircles,Agent,Agent,Agent,equal,,,,FALSE
encloses,Agent,Agent,Agent,equal,,,,FALSE
encounters,equal,equal,equal,equal,,,,FALSE
encourages,Agent,Agent,equal,equal,,,,FALSE
endangers,equal,Theme,Agent,equal,,,,TRUE
endorses,equal,equal,Agent,Theme,,,,TRUE
ends,Agent,Agent,Agent,Agent,,,,FALSE
endures,Theme,equal,Theme,equal,,,,FALSE
enforces,Theme,Theme,Theme,Agent,,,,FALSE
engages,Agent,Agent,equal,equal,,,,FALSE
engraves,Agent,Agent,Agent,Agent,,,,FALSE
engrosses,Agent,Agent,equal,Agent,,,,FALSE
engulfs,Agent,Agent,Agent,Agent,,,,FALSE
enhances,Agent,equal,Agent,equal,,,,FALSE
enjoys,Theme,equal,Theme,equal,,,,FALSE
enlists,Agent,Agent,Agent,Agent,,,,FALSE
enrages,Agent,equal,equal,Agent,,,,FALSE
enriches,Agent,Agent,Agent,Agent,,,,FALSE
ensures,Agent,Agent,equal,Agent,,,,FALSE
enters,Agent,Agent,equal,equal,,,,FALSE
entertains,Theme,Theme,equal,equal,,,,FALSE
entitles,Agent,Agent,Agent,equal,,,,FALSE
envelops,Agent,Agent,Agent,Agent,,,,FALSE
envies,Theme,Theme,Theme,equal,,,,FALSE
envisions,Agent,equal,Agent,equal,,,,FALSE
equips,Agent,equal,Agent,equal,,,,FALSE
erases,Agent,Agent,Agent,Agent,,,,FALSE
erects,Agent,Agent,Agent,equal,,,,FALSE
erodes,Agent,Agent,equal,Agent,,,,FALSE
escalates,Agent,Agent,Agent,equal,,,,FALSE
escapes,equal,Theme,Agent,equal,,,,TRUE
escorts,Agent,Agent,Agent,equal,,,,FALSE
establishes,Agent,Agent,Agent,equal,,,,FALSE
estimates,equal,equal,equal,equal,,,,FALSE
etches,Agent,equal,equal,Agent,,,,FALSE
evacuates,Agent,Agent,Theme,Agent,,,,FALSE
evades,Theme,equal,Theme,Theme,,,,FALSE
evaluates,Agent,equal,equal,Agent,,,,FALSE
exaggerates,equal,equal,equal,equal,,,,FALSE
examines,Agent,equal,equal,Agent,,,,FALSE
exasperates,Agent,Agent,Agent,equal,,,,FALSE
exceeds,Agent,Agent,Agent,Agent,,,,FALSE
exchanges,Agent,equal,Agent,Agent,,,,FALSE
excites,equal,equal,equal,equal,,,,FALSE
excludes,Agent,Agent,Agent,Agent,,,,FALSE
excuses,Agent,Agent,equal,Agent,,,,FALSE
executes,Agent,Agent,Agent,Theme,,,,FALSE
exercises,Agent,equal,Agent,Agent,,,,FALSE
exerts,Agent,Agent,Agent,equal,,,,FALSE
exhales,Agent,Agent,Agent,Theme,,,,FALSE
exhausts,Agent,equal,Agent,equal,,,,FALSE
exits,equal,equal,equal,equal,,,,FALSE
expands,Agent,Agent,Agent,Agent,,,,FALSE
expects,Agent,equal,Agent,equal,,,,FALSE
expels,Agent,Agent,equal,Agent,,,,FALSE
experiences,Theme,Theme,Theme,Theme,,,,FALSE
explains,Theme,Theme,equal,equal,,,,FALSE
exploits,Agent,Agent,Agent,equal,,,,FALSE
explores,Agent,Agent,equal,Agent,,,,FALSE
exposes,Agent,Agent,equal,Agent,,,,FALSE
expresses,Agent,Agent,Agent,equal,,,,FALSE
extends,Agent,Agent,Agent,equal,,,,FALSE
extinguishes,Agent,Agent,Agent,Agent,,,,FALSE
extracts,Agent,equal,Agent,Agent,,,,FALSE
eyeballs,Theme,Theme,equal,equal,,,,FALSE
eyes,Agent,equal,equal,Agent,,,,FALSE
faces,equal,equal,equal,equal,,,,FALSE
fails,Agent,Theme,Agent,Agent,,,,FALSE
fakes,equal,equal,equal,equal,,,,FALSE
fakes out,Agent,Agent,Agent,Agent,,,,FALSE
fancies,Theme,Theme,equal,Theme,,,,FALSE
fans,Theme,Theme,equal,Theme,,,,FALSE
fascinates,Agent,Agent,Agent,Agent,,,,FALSE
fashions,Agent,Agent,Agent,Agent,,,,FALSE
fastens,Agent,Agent,equal,Agent,,,,FALSE
favors,equal,equal,equal,equal,,,,FALSE
fears,Theme,Theme,Theme,Theme,,,,FALSE
features,Agent,Agent,equal,Agent,,,,FALSE
feeds,Agent,Agent,Agent,Agent,,,,FALSE
feels,equal,equal,equal,equal,,,,FALSE
fees,Agent,equal,Agent,Agent,,,,FALSE
feigns,equal,equal,equal,equal,,,,FALSE
fences,Agent,Agent,equal,equal,,,,FALSE
fends off,equal,Theme,equal,Agent,,,,TRUE
fetches,Agent,equal,equal,Agent,,,,FALSE
fights,equal,equal,equal,equal,,,,FALSE
figures,equal,equal,equal,equal,,,,FALSE
files,equal,equal,equal,equal,,,,FALSE
fills,Theme,Theme,equal,equal,,,,FALSE
films,equal,equal,equal,equal,,,,FALSE
filters,Agent,Agent,Agent,equal,,,,FALSE
finances,Agent,Agent,Agent,equal,,,,FALSE
finds,equal,equal,equal,equal,,,,FALSE
fingers,Agent,equal,Agent,equal,,,,FALSE
finishes,equal,equal,equal,equal,,,,FALSE
fires,Agent,Agent,Agent,Agent,,,,FALSE
fires at,Agent,Agent,equal,equal,,,,FALSE
fishes for,Theme,equal,equal,Theme,,,,FALSE
fishtails,Agent,Agent,Agent,equal,,,,FALSE
fits,Agent,equal,Agent,equal,,,,FALSE
fixates on,Theme,Theme,Theme,equal,,,,FALSE
fixes,Agent,Agent,Agent,Agent,,,,FALSE
flags,Agent,equal,Agent,Agent,,,,FALSE
flanks,equal,equal,equal,equal,,,,FALSE
flattens,Agent,Agent,Agent,Agent,,,,FALSE
flexes,Agent,equal,Agent,equal,,,,FALSE
flicks,Agent,Agent,Agent,Agent,,,,FALSE
flings,Agent,Agent,equal,Agent,,,,FALSE
floods,Agent,Agent,Agent,equal,,,,FALSE
floors,equal,Theme,Agent,equal,,,,TRUE
flushes,Agent,Agent,Agent,Theme,,,,FALSE
focuses on,Theme,Theme,equal,Theme,,,,FALSE
folds,Agent,Agent,equal,Agent,,,,FALSE
follows,Theme,equal,Theme,Theme,,,,FALSE
fondles,Agent,Agent,Agent,equal,,,,FALSE
fools,Agent,Agent,Agent,Agent,,,,FALSE
forbids,Agent,Agent,Agent,Agent,,,,FALSE
forces,Agent,Agent,Agent,Agent,,,,FALSE
forges,Agent,Agent,Agent,Agent,,,,FALSE
forgets,Agent,equal,Agent,equal,,,,FALSE
forgives,Agent,Agent,equal,equal,,,,FALSE
forms,Agent,equal,equal,Agent,,,,FALSE
fosters,Agent,Agent,equal,Agent,,,,FALSE
founds,Agent,Agent,Agent,Agent,,,,FALSE
frames,equal,equal,equal,equal,,,,FALSE
frees,Agent,Agent,Agent,Agent,,,,FALSE
freezes,Agent,Agent,Agent,equal,,,,FALSE
fries,Agent,Agent,Agent,Agent,,,,FALSE
frightens,Agent,Agent,equal,Agent,,,,FALSE
frisks,Agent,Agent,Agent,Agent,,,,FALSE
fronts,Agent,Agent,equal,equal,,,,FALSE
frustrates,equal,Theme,Agent,equal,,,,TRUE
fuels,Agent,equal,Agent,equal,,,,FALSE
fulfills,equal,Theme,equal,Agent,,,,TRUE
fulfils,Theme,equal,Theme,Theme,,,,FALSE
furnishes,Agent,equal,equal,Agent,,,,FALSE
furrows,Agent,equal,Agent,equal,,,,FALSE
fusses over,Theme,equal,equal,Theme,,,,FALSE
gags,Agent,Agent,equal,equal,,,,FALSE
gags on,Agent,Agent,Agent,equal,,,,FALSE
gains,Agent,Agent,Agent,Agent,,,,FALSE
gaps,Agent,Agent,equal,Agent,,,,FALSE
gathers,Agent,Agent,Agent,equal,,,,FALSE
gauges,equal,equal,equal,equal,,,,FALSE
generates,Agent,Agent,Agent,Agent,,,,FALSE
gestures,Agent,equal,Agent,equal,,,,FALSE
gets,Agent,Agent,equal,equal,,,,FALSE
gives,Agent,equal,Agent,equal,,,,FALSE
glazes,Agent,Agent,equal,Agent,,,,FALSE
glimpses,Agent,equal,equal,Agent,,,,FALSE
glues,Agent,equal,Agent,equal,,,,FALSE
gnaws,Agent,equal,Agent,Agent,,,,FALSE
goes,equal,equal,equal,equal,,,,FALSE
gouges,Agent,Agent,Agent,equal,,,,FALSE
governs,Agent,Agent,Agent,Agent,,,,FALSE
grabs,Agent,Agent,Agent,Agent,,,,FALSE
grants,Agent,Agent,Agent,Agent,,,,FALSE
grapples with,equal,equal,equal,equal,,,,FALSE
grasps,Agent,equal,Agent,Agent,,,,FALSE
grazes,Agent,equal,equal,Agent,,,,FALSE
greets,Theme,Theme,equal,equal,,,,FALSE
grieves,Theme,Theme,equal,equal,,,,FALSE
grills,Agent,Agent,Agent,Agent,,,,FALSE
grinds,Agent,Agent,equal,equal,,,,FALSE
grips,Agent,Agent,equal,Agent,,,,FALSE
grits,Agent,Agent,equal,equal,,,,FALSE
grooms,Agent,Agent,Agent,Agent,,,,FALSE
gropes,Agent,equal,Agent,equal,,,,FALSE
grounds,Agent,equal,Agent,Agent,,,,FALSE
groups,Agent,Agent,equal,Agent,,,,FALSE
guarantees,Agent,Agent,Agent,equal,,,,FALSE
guards,Theme,equal,equal,Theme,,,,FALSE
guesses,equal,equal,equal,equal,,,,FALSE
guides,Agent,Agent,Agent,Agent,,,,FALSE
gulps,Agent,Agent,Agent,equal,,,,FALSE
hacks,Agent,Agent,Agent,equal,,,,FALSE
hails,Theme,equal,Theme,Theme,,,,FALSE
halts,Agent,Agent,Agent,Agent,,,,FALSE
hammers,Agent,Agent,Agent,Agent,,,,FALSE
hampers,Agent,Agent,Agent,Agent,,,,FALSE
handcuffs,Agent,Agent,Agent,Agent,,,,FALSE
handles,Agent,Agent,Agent,Agent,,,,FALSE
hands,Agent,equal,Agent,equal,,,,FALSE
hangs,Agent,Agent,equal,Agent,,,,FALSE
harasses,Agent,Agent,equal,Agent,,,,FALSE
hardens,equal,equal,equal,equal,,,,FALSE
harms,Agent,Agent,Agent,Agent,,,,FALSE
hates,Theme,equal,equal,Theme,,,,FALSE
hauls,equal,equal,Theme,Agent,,,,TRUE
haunts,Agent,equal,Agent,equal,,,,FALSE
haves,Agent,equal,Agent,equal,,,,FALSE
heals,Agent,Agent,equal,Agent,,,,FALSE
heaps,Agent,Agent,equal,Agent,,,,FALSE
hears,Theme,Theme,equal,equal,,,,FALSE
heats,Agent,Agent,Agent,Agent,,,,FALSE
heaves,Agent,Agent,Agent,equal,,,,FALSE
hefts,Agent,Agent,Agent,Agent,,,,FALSE
heightens,Agent,equal,Agent,Agent,,,,FALSE
helps,equal,equal,equal,equal,,,,FALSE
herds,Agent,Agent,Agent,Agent,,,,FALSE
hides,Agent,Agent,Agent,Agent,,,,FALSE
highlights,equal,equal,Agent,Theme,,,,TRUE
hikes,equal,equal,equal,equal,,,,FALSE
hires,Agent,Agent,Agent,Agent,,,,FALSE
hitches,Agent,equal,equal,Agent,,,,FALSE
hits,Agent,Agent,equal,Agent,,,,FALSE
hoists,equal,equal,Theme,Agent,,,,TRUE
holds,Agent,Agent,Agent,Agent,,,,FALSE
hollers,Agent,Agent,equal,Agent,,,,FALSE
honors,Theme,Theme,Theme,equal,,,,FALSE
hooks,Agent,Agent,Agent,equal,,,,FALSE
hopes,Theme,Theme,Theme,equal,,,,FALSE
horrifies,Agent,equal,Agent,equal,,,,FALSE
houses,Agent,Agent,Agent,equal,,,,FALSE
hugs,Agent,Agent,Agent,equal,,,,FALSE
humiliates,Agent,Agent,Agent,Agent,,,,FALSE
hums,Agent,Agent,equal,equal,,,,FALSE
hunts,Agent,Agent,Agent,Agent,,,,FALSE
hurls,Agent,Agent,Agent,Agent,,,,FALSE
hurries,Agent,Agent,Agent,Agent,,,,FALSE
hurtles,Agent,Agent,equal,Agent,,,,FALSE
hurts,Agent,Agent,Agent,Agent,,,,FALSE
hushes,Agent,Agent,Agent,Agent,,,,FALSE
hustles,Agent,equal,Agent,Agent,,,,FALSE
hyperventilates,Agent,equal,Agent,equal,,,,FALSE
hypnotizes,Agent,Agent,Agent,Agent,,,,FALSE
ices,Agent,Agent,equal,Agent,,,,FALSE
identifies,Agent,Agent,equal,equal,,,,FALSE
ignites,Agent,Agent,Agent,Agent,,,,FALSE
ignores,Agent,Agent,equal,equal,,,,FALSE
illuminates,equal,equal,equal,equal,,,,FALSE
illustrates,equal,Theme,Agent,equal,,,,TRUE
imagines,equal,Theme,Agent,equal,,,,TRUE
imitates,Theme,equal,Theme,equal,,,,FALSE
immerses,Agent,Agent,Agent,Theme,,,,FALSE
immobilizes,Agent,Agent,Agent,Agent,,,,FALSE
impales,Agent,Agent,Agent,Agent,,,,FALSE
implements,Agent,Agent,Agent,Theme,,,,FALSE
implies,Agent,Agent,equal,equal,,,,FALSE
implores,Theme,Theme,Theme,Theme,,,,FALSE
imposes,Agent,Agent,equal,equal,,,,FALSE
impresses,equal,equal,Agent,Theme,,,,TRUE
improves,Agent,Agent,Agent,Agent,,,,FALSE
includes,Agent,Agent,Agent,equal,,,,FALSE
incorporates,Theme,equal,Theme,equal,,,,FALSE
increases,Agent,Agent,equal,Agent,,,,FALSE
indicates,equal,equal,equal,equal,,,,FALSE
induces,Agent,Agent,equal,Agent,,,,FALSE
indulges,Theme,Theme,equal,Theme,,,,FALSE
infects,equal,equal,Agent,Theme,,,,TRUE
inflicts,Agent,Agent,Agent,Theme,,,,FALSE
influences,Agent,Agent,Agent,equal,,,,FALSE
informs,Agent,Agent,Theme,Agent,,,,FALSE
inhales,Agent,Agent,equal,Agent,,,,FALSE
inherits,Agent,Agent,Agent,Agent,,,,FALSE
initiates,Agent,Agent,Agent,equal,,,,FALSE
injects,Agent,Agent,Agent,Agent,,,,FALSE
injures,Agent,equal,Agent,Agent,,,,FALSE
inserts,Agent,Agent,equal,Agent,,,,FALSE
insists,Agent,Agent,Agent,Agent,,,,FALSE
insists on,Agent,Agent,Agent,Agent,,,,FALSE
inspects,Agent,Agent,equal,equal,,,,FALSE
inspires,Agent,Agent,Agent,equal,,,,FALSE
installs,Agent,Agent,Agent,Theme,,,,FALSE
instals,Agent,Agent,Agent,Theme,,,,FALSE
instructs,Agent,Agent,Agent,Agent,,,,FALSE
insults,Agent,equal,equal,Agent,,,,FALSE
insures,Agent,equal,equal,Agent,,,,FALSE
integrates,Agent,Agent,Agent,Agent,,,,FALSE
intends,equal,equal,equal,equal,,,,FALSE
intensifies,Agent,equal,Agent,equal,,,,FALSE
intercepts,Agent,Agent,equal,Agent,,,,FALSE
interests,Theme,equal,equal,Theme,,,,FALSE
interprets,equal,equal,equal,equal,,,,FALSE
interrogates,Agent,Agent,Agent,Agent,,,,FALSE
interrupts,Agent,Agent,Agent,equal,,,,FALSE
intersects,equal,equal,equal,equal,,,,FALSE
interviews,equal,Agent,Theme,equal,,,,TRUE
intimidates,Agent,Agent,Agent,Agent,,,,FALSE
intrigues,Agent,equal,Agent,equal,,,,FALSE
introduces,Agent,equal,equal,Agent,,,,FALSE
invades,Agent,Agent,Agent,Agent,,,,FALSE
invents,Agent,Agent,Agent,Agent,,,,FALSE
investigates,Agent,Agent,equal,equal,,,,FALSE
invests,Agent,equal,Agent,Agent,,,,FALSE
invites,Agent,Agent,equal,Agent,,,,FALSE
invokes,Agent,equal,Agent,Agent,Theme,Agent,Agent,FALSE
involves,Agent,Agent,equal,equal,,,,FALSE
irritates,Agent,Agent,equal,equal,,,,FALSE
isolates,Agent,Agent,Agent,equal,,,,FALSE
issues,Agent,equal,Agent,Agent,,,,FALSE
jabs,Agent,equal,equal,Agent,,,,FALSE
jams,Agent,Agent,equal,Agent,,,,FALSE
jars,Agent,Agent,equal,Agent,,,,FALSE
jiggles,Agent,Agent,equal,equal,,,,FALSE
joins,Theme,equal,Theme,Theme,,,,FALSE
jolts,Agent,Agent,equal,Agent,,,,FALSE
jostles,Agent,Agent,Agent,Agent,,,,FALSE
jots,Theme,equal,Theme,equal,,,,FALSE
judges,Agent,Agent,Agent,Agent,,,,FALSE
juggles,Agent,Agent,Agent,equal,,,,FALSE
justifies,Agent,equal,Agent,equal,,,,FALSE
keeps,Agent,Agent,equal,Agent,,,,FALSE
keys,Agent,Agent,equal,equal,,,,FALSE
kicks,Agent,equal,Agent,Agent,,,,FALSE
kidnaps,Agent,Agent,Agent,Agent,,,,FALSE
kids,Agent,equal,Agent,equal,,,,FALSE
kills,Agent,Agent,Agent,Agent,,,,FALSE
kisses,Agent,Agent,equal,equal,,,,FALSE
knits,Agent,equal,Agent,Agent,,,,FALSE
knocks,Agent,equal,Agent,Agent,,,,FALSE
knots,Agent,equal,equal,Agent,,,,FALSE
knows,Agent,Agent,equal,equal,,,,FALSE
labels,equal,equal,equal,equal,,,,FALSE
laces,Agent,equal,Agent,equal,,,,FALSE
lacks,Theme,Theme,equal,Theme,,,,FALSE
laps,Agent,Agent,equal,Agent,,,,FALSE
lashes,Agent,equal,Agent,Agent,,,,FALSE
lasts,Agent,equal,equal,Agent,,,,FALSE
latches,equal,equal,equal,equal,,,,FALSE
launches,Agent,Agent,Agent,Theme,,,,FALSE
leads,Agent,Agent,Agent,Agent,,,,FALSE
leafs,Agent,Agent,equal,equal,,,,FALSE
leaks,equal,equal,equal,equal,,,,FALSE
learns,Theme,Theme,Theme,Theme,,,,FALSE
leaves,Agent,equal,equal,Agent,,,,FALSE
lectures,Agent,Agent,Agent,Agent,Agent,Agent,Agent,FALSE
lends,Agent,equal,Agent,Agent,,,,FALSE
lets,Agent,Agent,Agent,Agent,,,,FALSE
letters,equal,equal,equal,equal,,,,FALSE
levels,Agent,Agent,equal,equal,,,,FALSE
licks,equal,equal,equal,equal,,,,FALSE
lies to,equal,equal,equal,equal,,,,FALSE
lifts,Agent,Agent,equal,Agent,,,,FALSE
lightens,Agent,equal,Agent,equal,,,,FALSE
lights,Agent,equal,Agent,equal,,,,FALSE
likes,Theme,equal,Theme,Theme,,,,FALSE
limits,Agent,Agent,equal,Agent,,,,FALSE
lines,equal,equal,equal,equal,,,,FALSE
links,equal,equal,equal,equal,,,,FALSE
listens,Theme,equal,equal,Theme,,,,FALSE
lists,equal,equal,equal,equal,,,,FALSE
litters,Agent,Agent,equal,Agent,,,,FALSE
lives,equal,equal,equal,equal,,,,FALSE
lives on,equal,Agent,equal,Theme,,,,TRUE
loads,Agent,Agent,Agent,equal,,,,FALSE
locates,equal,equal,equal,equal,,,,FALSE
locks,Agent,equal,equal,Agent,,,,FALSE
looks,equal,equal,equal,equal,,,,FALSE
loops,Agent,equal,equal,Agent,,,,FALSE
loosens,Agent,Agent,Agent,equal,,,,FALSE
looses,Agent,Agent,equal,Agent,,,,FALSE
lops,Agent,Agent,equal,Agent,,,,FALSE
loses,Theme,equal,equal,Theme,,,,FALSE
loves,equal,equal,equal,equal,,,,FALSE
lowers,Agent,equal,Agent,equal,,,,FALSE
lugs,Theme,equal,equal,Theme,,,,FALSE
lurches,Agent,Agent,equal,equal,,,,FALSE
lures,Agent,Agent,equal,equal,,,,FALSE
magnifies,equal,Agent,equal,Theme,,,,TRUE
mails,Agent,Agent,Agent,Agent,,,,FALSE
maintains,Agent,Agent,equal,Agent,,,,FALSE
makes,Agent,Agent,Agent,Agent,,,,FALSE
manages,Agent,Agent,equal,Agent,,,,FALSE
mandates,Agent,Agent,Agent,Agent,,,,FALSE
maneuvers,Agent,Agent,Agent,equal,,,,FALSE
mangles,Agent,Agent,Agent,equal,,,,FALSE
manipulates,Agent,Agent,equal,Agent,,,,FALSE
mans,Agent,Agent,Agent,Agent,,,,FALSE
manufactures,Agent,Agent,Agent,Agent,,,,FALSE
marks,Agent,Agent,equal,equal,,,,FALSE
marries,equal,equal,equal,equal,,,,FALSE
marvels at,Theme,equal,Theme,Theme,,,,FALSE
mashes,Agent,equal,equal,Agent,,,,FALSE
masks,Agent,equal,Agent,Agent,,,,FALSE
massages,Theme,Theme,Theme,equal,,,,FALSE
matches,equal,equal,equal,equal,,,,FALSE
mats,Agent,Agent,equal,Agent,,,,FALSE
means,equal,equal,equal,equal,,,,FALSE
measures,equal,equal,equal,equal,,,,FALSE
meets,equal,equal,equal,equal,,,,FALSE
melts,Agent,Agent,Agent,equal,,,,FALSE
memorizes,equal,equal,equal,equal,,,,FALSE
mends,Agent,Agent,equal,Agent,,,,FALSE
mentions,Theme,Theme,equal,Theme,,,,FALSE
merges,Agent,Agent,Agent,equal,,,,FALSE
mesmerizes,Agent,equal,Agent,Agent,,,,FALSE
messes up,Agent,Agent,equal,Agent,,,,FALSE
mimes,Theme,Theme,Theme,Theme,,,,FALSE
mimics,Theme,equal,Theme,equal,,,,FALSE
minds,Theme,equal,equal,Theme,,,,FALSE
mingles,Theme,equal,Theme,equal,,,,FALSE
minimizes,Agent,Agent,Agent,Agent,,,,FALSE
mirrors,Agent,equal,equal,Agent,,,,FALSE
misses,Theme,Theme,equal,equal,,,,FALSE
mistakes,equal,equal,equal,equal,,,,FALSE
misunderstands,Theme,equal,Theme,equal,,,,FALSE
mixes,Agent,equal,Agent,equal,,,,FALSE
mobilizes,Agent,equal,Agent,Agent,,,,FALSE
mocks,Agent,equal,Agent,Agent,,,,FALSE
modifies,Agent,Agent,Agent,Agent,,,,FALSE
monitors,Agent,Agent,Agent,Agent,,,,FALSE
mops,equal,equal,Theme,Agent,,,,TRUE
motions to,equal,equal,Agent,Theme,,,,TRUE
motivates,Agent,Agent,equal,Agent,,,,FALSE
mounts,Agent,Agent,Agent,equal,,,,FALSE
mouths,equal,equal,equal,equal,,,,FALSE
moves,Agent,Agent,Agent,Agent,,,,FALSE
moves on,equal,equal,equal,equal,,,,FALSE
mows,Agent,Agent,Agent,Agent,,,,FALSE
muffles,Agent,Agent,Agent,Agent,,,,FALSE
mugs,Agent,Agent,Agent,equal,,,,FALSE
multiplies,Agent,Agent,equal,Agent,,,,FALSE
mumbles,equal,equal,equal,equal,,,,FALSE
munches,Agent,equal,equal,Agent,,,,FALSE
murders,Agent,Agent,Agent,Agent,,,,FALSE
murmurs,equal,equal,equal,equal,,,,FALSE
musters,Agent,equal,Agent,equal,,,,FALSE
mutes,Agent,Agent,Agent,Agent,,,,FALSE
mutilates,Agent,Agent,Agent,Agent,,,,FALSE
mutters,equal,equal,equal,equal,,,,FALSE
nails,Agent,Agent,Agent,Agent,,,,FALSE
names,Agent,Agent,Agent,Agent,,,,FALSE
narrows,equal,equal,equal,equal,,,,FALSE
navigates,Agent,Agent,Agent,Theme,,,,FALSE
nears,equal,equal,equal,equal,,,,FALSE
needs,Theme,Theme,Theme,Theme,,,,FALSE
neglects,Agent,equal,equal,Agent,,,,FALSE
negotiates,Agent,equal,equal,Agent,,,,FALSE
nestles,Agent,equal,equal,Agent,,,,FALSE
nibbles,Agent,equal,Agent,Agent,,,,FALSE
nods to,Theme,equal,Theme,equal,,,,FALSE
nominates,Agent,Agent,Agent,Agent,,,,FALSE
noses,Agent,equal,equal,Agent,,,,FALSE
notes,Theme,Theme,equal,equal,,,,FALSE
notices,equal,equal,equal,equal,,,,FALSE
notifies,Agent,equal,equal,Agent,,,,FALSE
nudges,equal,equal,equal,equal,,,,FALSE
numbers,equal,equal,equal,equal,,,,FALSE
nurses,Agent,Agent,equal,Agent,,,,FALSE
nuzzles,Theme,equal,equal,Theme,,,,FALSE
obeys,Theme,Theme,Theme,Theme,,,,FALSE
objects to,Theme,equal,equal,Theme,,,,FALSE
obliges,Theme,Theme,equal,equal,,,,FALSE
obliterates,Agent,Agent,Agent,Agent,,,,FALSE
obscures,Agent,equal,Agent,Agent,,,,FALSE
observes,equal,equal,Theme,Agent,,,,TRUE
obsesses over,Theme,Theme,Theme,Theme,,,,FALSE
obstructs,Agent,Agent,equal,Agent,,,,FALSE
obtains,Agent,Agent,Agent,Agent,,,,FALSE
occupies,Agent,Agent,equal,Agent,,,,FALSE
offends,Theme,equal,Theme,equal,,,,FALSE
offers,Agent,Agent,Agent,equal,,,,FALSE
offers to,Theme,Theme,equal,equal,,,,FALSE
omits,Agent,Agent,Agent,Agent,,,,FALSE
oozes,equal,equal,equal,equal,,,,FALSE
opens,Agent,Agent,Agent,Agent,,,,FALSE
operates,Agent,Theme,Agent,Agent,,,,FALSE
opposes,equal,equal,equal,equal,,,,FALSE
orders,Agent,Agent,Agent,Agent,,,,FALSE
organizes,Agent,Agent,Agent,Agent,,,,FALSE
outlaws,Agent,Agent,Agent,Agent,,,,FALSE
outlines,Theme,Theme,equal,equal,,,,FALSE
overcomes,Agent,Agent,Agent,Agent,,,,FALSE
overhears,equal,equal,equal,equal,,,,FALSE
overlaps,Agent,equal,Agent,Agent,,,,FALSE
overlooks,Agent,Agent,equal,Agent,,,,FALSE
oversees,Agent,Agent,Agent,Agent,,,,FALSE
overtakes,Agent,Agent,equal,Agent,,,,FALSE
overthrows,Agent,Theme,Agent,Agent,,,,FALSE
overturns,Agent,Agent,Agent,Agent,,,,FALSE
overwhelms,Agent,Agent,Agent,Agent,,,,FALSE
owes,Theme,Theme,Theme,Theme,,,,FALSE
owns,Agent,Agent,Agent,Agent,,,,FALSE
paces,equal,equal,equal,equal,,,,FALSE
packs,Agent,Agent,equal,equal,,,,FALSE
pads,Agent,equal,Agent,equal,,,,FALSE
pages,equal,equal,equal,equal,,,,FALSE
paints,Agent,Agent,Agent,Agent,,,,FALSE
panics,equal,equal,equal,equal,,,,FALSE
pans,Agent,equal,Agent,equal,,,,FALSE
paralyzes,Agent,Agent,equal,Agent,,,,FALSE
pardons,Agent,Agent,Agent,Agent,,,,FALSE
parks,Agent,Agent,Agent,Agent,,,,FALSE
parts,Agent,Agent,equal,Agent,,,,FALSE
passes,Agent,Agent,equal,equal,,,,FALSE
pastes,Agent,equal,Agent,equal,,,,FALSE
patches,Agent,Agent,Agent,equal,,,,FALSE
patrols,Agent,Agent,equal,equal,,,,FALSE
pats,equal,equal,equal,equal,,,,FALSE
paves,equal,equal,Theme,Agent,,,,TRUE
paws,equal,equal,equal,equal,,,,FALSE
pays,Agent,Agent,Agent,Agent,,,,FALSE
pecks,Agent,Agent,Agent,Agent,,,,FALSE
peddles,Agent,equal,equal,Agent,,,,FALSE
peels,Agent,Agent,Agent,Agent,,,,FALSE
pegs,Agent,Agent,equal,Agent,,,,FALSE
pelts,Agent,Agent,Agent,equal,,,,FALSE
penetrates,Agent,Agent,Agent,equal,,,,FALSE
perceives,equal,equal,equal,equal,,,,FALSE
perfects,Agent,Agent,Agent,Agent,,,,FALSE
performs,equal,equal,equal,equal,,,,FALSE
permits,Agent,Agent,Agent,Agent,,,,FALSE
perplexes,Agent,equal,equal,Agent,,,,FALSE
persuades,Agent,Agent,equal,Agent,,,,FALSE
peruses,Theme,equal,equal,Theme,,,,FALSE
pets,equal,Agent,equal,Theme,,,,TRUE
phones,equal,equal,equal,equal,,,,FALSE
photographs,equal,equal,equal,equal,,,,FALSE
picks,Agent,equal,Agent,Agent,,,,FALSE
pictures,equal,equal,equal,equal,,,,FALSE
pierces,Agent,Agent,equal,Agent,,,,FALSE
piles,Agent,Agent,Agent,Agent,,,,FALSE
pinches,Agent,Agent,Agent,equal,,,,FALSE
pins,Agent,equal,Agent,equal,,,,FALSE
pitches,Agent,Agent,equal,Agent,,,,FALSE
pivots,equal,equal,equal,equal,,,,FALSE
places,Agent,Agent,Agent,Agent,,,,FALSE
plagues,Agent,Agent,Agent,Agent,,,,FALSE
plans,Agent,Agent,equal,equal,,,,FALSE
plants,Agent,Agent,Agent,Agent,,,,FALSE
plasters,Agent,Agent,Agent,Agent,,,,FALSE
plats,equal,equal,equal,equal,,,,FALSE
plays,Agent,equal,Agent,equal,,,,FALSE
pleads,Theme,Theme,equal,equal,,,,FALSE
pleases,Theme,equal,equal,Theme,,,,FALSE
pledges,Agent,equal,Agent,equal,,,,FALSE
plops,Agent,equal,Agent,equal,,,,FALSE
plows,Agent,Agent,Agent,equal,,,,FALSE
plucks,Agent,Agent,equal,Agent,,,,FALSE
plugs in,Agent,equal,Agent,Agent,,,,FALSE
plunges,Agent,Agent,equal,equal,,,,FALSE
pockets,Agent,equal,Agent,equal,,,,FALSE
points at,equal,equal,equal,equal,,,,FALSE
poisons,Agent,equal,Agent,Agent,,,,FALSE
pokes,Agent,equal,Agent,Agent,,,,FALSE
polishes,Theme,equal,Theme,equal,,,,FALSE
pops,Agent,equal,Agent,Agent,,,,FALSE
portrays,Theme,equal,equal,Theme,,,,FALSE
positions,Agent,Agent,Agent,Agent,,,,FALSE
possesses,Agent,Agent,Agent,Agent,,,,FALSE
postpones,Agent,Agent,Agent,equal,,,,FALSE
posts,Agent,Agent,Agent,equal,,,,FALSE
pounds,Agent,Agent,Agent,Agent,,,,FALSE
pours,Agent,Agent,Agent,Agent,,,,FALSE
powers,Agent,Agent,Agent,Agent,,,,FALSE
practices,Theme,equal,equal,Theme,,,,FALSE
praises,equal,equal,equal,equal,,,,FALSE
prays,Theme,Theme,equal,equal,,,,FALSE
prays to,Theme,Theme,Theme,Theme,,,,FALSE
preaches,equal,equal,Theme,equal,equal,Agent,equal,FALSE
precedes,Agent,Agent,Agent,Agent,,,,FALSE
predicts,Theme,equal,equal,Theme,,,,FALSE
prefers,Theme,Theme,equal,Theme,,,,FALSE
preoccupies,Agent,equal,equal,Agent,,,,FALSE
prepares,Agent,Agent,Agent,Agent,Agent,Agent,equal,FALSE
prescribes,Agent,equal,Agent,equal,,,,FALSE
presents,Agent,equal,equal,Agent,,,,FALSE
preserves,Agent,Agent,Agent,Theme,,,,FALSE
presses,Agent,Agent,Agent,Agent,,,,FALSE
presumes,Agent,Agent,equal,Agent,,,,FALSE
pretends,Agent,equal,Agent,equal,,,,FALSE
prevents,Agent,Agent,Agent,Agent,,,,FALSE
pricks,Agent,Agent,equal,equal,,,,FALSE
prints,Agent,Agent,Agent,Agent,,,,FALSE
probes,Agent,Agent,equal,Agent,,,,FALSE
processes,equal,equal,equal,equal,,,,FALSE
proclaims,Agent,Theme,Agent,Agent,,,,FALSE
prods,Agent,Agent,equal,Agent,,,,FALSE
produces,Agent,Agent,Agent,Agent,,,,FALSE
programs,Agent,Agent,Agent,equal,,,,FALSE
prohibits,Agent,Agent,Agent,Agent,,,,FALSE
projects,Agent,equal,equal,Agent,,,,FALSE
promises,equal,equal,equal,equal,,,,FALSE
promotes,Theme,Theme,Theme,equal,,,,FALSE
prompts,Agent,equal,equal,Agent,,,,FALSE
pronounces,Agent,equal,equal,Agent,,,,FALSE
propels,Agent,equal,Agent,Agent,,,,FALSE
proposes,Agent,Agent,equal,equal,equal,equal,equal,FALSE
props,Agent,Agent,equal,equal,,,,FALSE
prosecutes,Agent,Agent,Agent,Agent,,,,FALSE
protects,Agent,Agent,equal,equal,,,,FALSE
protests,equal,equal,equal,equal,,,,FALSE
proves,Agent,Agent,Agent,equal,,,,FALSE
provides,Agent,Agent,Agent,equal,,,,FALSE
provokes,equal,equal,equal,equal,,,,FALSE
publishes,Agent,Agent,Agent,Agent,,,,FALSE
pulls,Agent,equal,equal,Agent,,,,FALSE
pummels,Agent,Agent,equal,Agent,,,,FALSE
pumps,Agent,Agent,Agent,Agent,,,,FALSE
punches,Agent,Agent,equal,Agent,,,,FALSE
punctuates,Agent,Agent,Agent,Agent,,,,FALSE
punctures,Agent,Agent,equal,Agent,,,,FALSE
punishes,Agent,Agent,Agent,Agent,,,,FALSE
purchases,Agent,equal,Agent,Agent,,,,FALSE
pursues,Theme,Theme,equal,equal,,,,FALSE
pushes,Agent,Agent,Agent,equal,,,,FALSE
puts,Agent,equal,Agent,equal,,,,FALSE
puzzles,Agent,equal,equal,Agent,,,,FALSE
questions,Agent,equal,equal,Agent,,,,FALSE
quickens,Agent,Agent,Agent,equal,,,,FALSE
quiets,Agent,Agent,Agent,Agent,,,,FALSE
quits,Agent,Agent,Agent,Agent,,,,FALSE
quotes,Theme,equal,equal,Theme,,,,FALSE
races,equal,equal,equal,equal,,,,FALSE
racks up,equal,Theme,equal,Agent,,,,TRUE
radiates,Theme,equal,equal,Theme,,,,FALSE
rags,Agent,equal,Agent,equal,,,,FALSE
raids,Agent,Agent,Agent,Agent,,,,FALSE
rails against,Agent,Agent,equal,equal,,,,FALSE
rains,Agent,equal,Agent,equal,,,,FALSE
raises,Agent,Agent,Agent,Agent,,,,FALSE
rakes,Agent,Agent,Agent,Agent,,,,FALSE
rams,Agent,Agent,equal,Agent,,,,FALSE
ranks,Agent,Agent,Agent,Agent,,,,FALSE
ratifies,Agent,Agent,Agent,Agent,,,,FALSE
rats on,Agent,equal,Agent,Agent,,,,FALSE
rattles,Agent,equal,Agent,equal,,,,FALSE
ravages,Agent,Agent,Agent,equal,,,,FALSE
reaches,Theme,Theme,equal,equal,,,,FALSE
reacts to,Theme,equal,Theme,equal,,,,FALSE
readies,Agent,equal,Agent,equal,,,,FALSE
reads,Agent,equal,Agent,equal,,,,FALSE
reaffirms,Agent,Agent,Agent,Agent,,,,FALSE
realises,equal,equal,equal,equal,,,,FALSE
realizes,equal,equal,equal,equal,,,,FALSE
rearranges,Agent,Agent,Agent,Agent,,,,FALSE
reassures,Agent,Agent,equal,equal,,,,FALSE
rebuilds,Agent,Agent,Agent,equal,,,,FALSE
recalls,Theme,equal,Theme,equal,,,,FALSE
receives,Theme,equal,equal,Theme,,,,FALSE
recites,equal,equal,equal,equal,,,,FALSE
reckons,Agent,equal,equal,Agent,,,,FALSE
recognises,Theme,equal,equal,Theme,,,,FALSE
recognizes,Theme,Theme,Theme,equal,,,,FALSE
recommends,Agent,Agent,equal,Agent,,,,FALSE
reconciles,equal,Theme,Agent,equal,,,,TRUE
reconsiders,Agent,equal,equal,Agent,,,,FALSE
records,Agent,Agent,equal,Agent,,,,FALSE
recounts,Agent,equal,equal,Agent,,,,FALSE
recovers,equal,equal,Theme,Agent,,,,TRUE
recruits,Agent,Agent,Agent,Agent,,,,FALSE
reduces,Agent,equal,Agent,Agent,,,,FALSE
refers,equal,equal,equal,equal,,,,FALSE
refills,Agent,Agent,equal,equal,,,,FALSE
reflects,Theme,Theme,equal,Theme,,,,FALSE
refuses,Agent,Agent,Agent,Agent,,,,FALSE
regains,Agent,Theme,Agent,Agent,,,,FALSE
regards,Theme,Theme,equal,equal,,,,FALSE
registers,Agent,equal,equal,Agent,,,,FALSE
regrets,Theme,equal,Theme,equal,,,,FALSE
regulates,Agent,Agent,Agent,Agent,,,,FALSE
rehearses,equal,equal,equal,equal,,,,FALSE
reinforces,Agent,equal,equal,Agent,,,,FALSE
reins,equal,Agent,Theme,equal,,,,TRUE
reiterates,Theme,equal,Theme,equal,,,,FALSE
rejects,Agent,Agent,Agent,equal,,,,FALSE
rejoins,equal,equal,equal,equal,,,,FALSE
relates to,equal,equal,equal,equal,,,,FALSE
releases,Agent,Agent,Agent,Agent,,,,FALSE
relieves,Theme,Theme,equal,Theme,,,,FALSE
relishes,Theme,equal,Theme,Theme,,,,FALSE
reloads,Agent,Agent,Agent,equal,,,,FALSE
remembers,equal,equal,equal,equal,,,,FALSE
reminds,Agent,equal,equal,Agent,,,,FALSE
removes,Agent,Agent,Agent,equal,,,,FALSE
renders,Agent,equal,Agent,Agent,,,,FALSE
rends,Agent,Agent,Agent,Agent,,,,FALSE
renews,Agent,Agent,Agent,equal,,,,FALSE
renounces,Agent,Agent,Agent,Agent,,,,FALSE
rents,equal,Agent,equal,Theme,,,,TRUE
reopens,Agent,Agent,Agent,equal,,,,FALSE
repairs,Agent,Agent,equal,equal,,,,FALSE
repays,Theme,equal,Theme,equal,,,,FALSE
repeats,Theme,Theme,equal,equal,,,,FALSE
replaces,Agent,Agent,Agent,equal,,,,FALSE
replies,equal,equal,equal,equal,,,,FALSE
reports,Agent,equal,Agent,equal,,,,FALSE
represents,Theme,Theme,Theme,Agent,,,,FALSE
repulses,Theme,Theme,Theme,Agent,,,,FALSE
requests,equal,Theme,equal,Agent,,,,TRUE
requires,Theme,Theme,Theme,Theme,,,,FALSE
rescues,Agent,Agent,equal,Agent,,,,FALSE
resembles,equal,equal,equal,equal,,,,FALSE
resents,Theme,Theme,equal,Theme,,,,FALSE
reserves,Agent,equal,Agent,equal,,,,FALSE
resists,equal,Theme,Agent,equal,,,,TRUE
resolves,equal,equal,equal,equal,,,,FALSE
respects,Theme,Theme,equal,equal,,,,FALSE
responds,Theme,equal,equal,equal,Theme,equal,equal,FALSE
restores,Agent,equal,Agent,equal,,,,FALSE
restrains,Agent,Agent,Agent,Agent,,,,FALSE
restricts,Agent,Agent,Agent,Agent,,,,FALSE
results in,Agent,equal,Agent,Agent,,,,FALSE
resumes,Agent,Agent,Agent,equal,,,,FALSE
retains,Agent,Agent,Agent,Agent,,,,FALSE
retires,Agent,equal,Agent,Agent,,,,FALSE
retracts,Agent,Agent,Agent,equal,,,,FALSE
retrieves,Agent,equal,Agent,equal,,,,FALSE
returns,Agent,equal,equal,Agent,,,,FALSE
reveals,Agent,equal,Agent,equal,,,,FALSE
reverses,Agent,equal,equal,Agent,,,,FALSE
reviews,equal,equal,Agent,Theme,,,,TRUE
revises,Agent,Agent,Agent,Agent,,,,FALSE
revives,Agent,Agent,Agent,Agent,,,,FALSE
revolves around,Theme,Theme,Theme,Theme,,,,FALSE
revs,Agent,Agent,Agent,equal,,,,FALSE
rewards,Agent,Agent,Agent,Agent,,,,FALSE
riddles,Agent,equal,Agent,Agent,,,,FALSE
rides,Agent,Agent,Agent,Agent,,,,FALSE
rids,Agent,Agent,Agent,equal,,,,FALSE
rifles through,Agent,Agent,equal,Agent,,,,FALSE
rights,Agent,equal,Agent,Agent,,,,FALSE
rigs,Agent,equal,Agent,equal,,,,FALSE
rings,Agent,equal,Agent,equal,,,,FALSE
rinses,Agent,Theme,Agent,Agent,,,,FALSE
rips,Agent,Agent,Agent,Agent,,,,FALSE
risks,Agent,Agent,equal,Agent,,,,FALSE
rivets,Agent,Agent,equal,equal,,,,FALSE
rivets on,Agent,equal,Agent,Agent,,,,FALSE
roams,equal,Agent,Theme,equal,,,,TRUE
roasts,Agent,Agent,Agent,Agent,,,,FALSE
robs,Agent,Agent,Agent,Agent,,,,FALSE
rolls,Agent,Agent,Agent,Agent,,,,FALSE
roots,equal,equal,equal,equal,,,,FALSE
rotates,Agent,equal,equal,Agent,,,,FALSE
rounds,equal,equal,equal,equal,,,,FALSE
rouses,Agent,equal,equal,Agent,,,,FALSE
rows,Agent,equal,Agent,Agent,,,,FALSE
rubs,equal,equal,equal,equal,,,,FALSE
ruffles,Agent,Agent,equal,Agent,,,,FALSE
ruins,Agent,Agent,Agent,Agent,,,,FALSE
rules,Agent,Agent,Agent,Agent,,,,FALSE
rushes,Agent,equal,equal,Agent,,,,FALSE
rustles,Agent,Agent,Agent,equal,,,,FALSE
sacks,Agent,equal,Agent,equal,,,,FALSE
sacrifices,Agent,Agent,Agent,Agent,,,,FALSE
saddles,Agent,Agent,equal,equal,,,,FALSE
sails,Agent,Agent,equal,Agent,,,,FALSE
salutes,Theme,Theme,Theme,Theme,,,,FALSE
salvages,Agent,Agent,Agent,Agent,,,,FALSE
satisfies,Theme,equal,equal,Theme,,,,FALSE
saves,Agent,equal,Agent,Agent,,,,FALSE
savors,equal,Agent,Theme,equal,,,,TRUE
saws,Agent,Agent,Agent,equal,,,,FALSE
says,equal,equal,equal,equal,,,,FALSE
scales,Agent,equal,Agent,equal,,,,FALSE
scans,Agent,equal,Agent,equal,,,,FALSE
scares,Agent,Agent,equal,equal,,,,FALSE
scars,Agent,equal,Agent,Agent,,,,FALSE
scatters,Agent,equal,Agent,Agent,,,,FALSE
schedules,Agent,Agent,equal,Agent,,,,FALSE
scoops,Agent,Agent,Agent,equal,,,,FALSE
scorches,Agent,Agent,Agent,Agent,,,,FALSE
scores,equal,equal,equal,equal,,,,FALSE
scours,Agent,Agent,Agent,Agent,,,,FALSE
scrambles,Agent,Agent,Agent,Agent,,,,FALSE
scrapes,Agent,Agent,equal,equal,,,,FALSE
scraps,Agent,Agent,equal,Agent,,,,FALSE
scratches,Agent,Agent,Agent,Agent,,,,FALSE
scrawls,equal,equal,equal,equal,,,,FALSE
screens,Agent,equal,Agent,Agent,,,,FALSE
scribbles,equal,equal,equal,equal,,,,FALSE
scrubs,Agent,Agent,equal,Agent,,,,FALSE
scrutinizes,Agent,equal,Agent,Agent,,,,FALSE
seals,Agent,Agent,Agent,Agent,,,,FALSE
searches,Agent,equal,Agent,equal,,,,FALSE
sears,Agent,Agent,Agent,equal,,,,FALSE
seats,Theme,Theme,equal,Theme,,,,FALSE
secures,Agent,Agent,Agent,Agent,,,,FALSE
seduces,Agent,Agent,Agent,Agent,,,,FALSE
seeks,Theme,Theme,equal,equal,,,,FALSE
sees,equal,equal,equal,equal,,,,FALSE
seizes,Agent,Agent,Agent,Agent,,,,FALSE
selects,Agent,equal,Agent,Agent,,,,FALSE
sells,Agent,Agent,Agent,Agent,,,,FALSE
sends,Agent,Agent,Agent,equal,,,,FALSE
senses,Theme,equal,equal,Theme,,,,FALSE
sentences,Agent,Agent,Agent,Agent,,,,FALSE
separates,Agent,Agent,equal,Agent,,,,FALSE
serves,Theme,Theme,Theme,Theme,,,,FALSE
sets,Agent,Agent,equal,Agent,,,,FALSE
settles,Agent,Agent,equal,equal,,,,FALSE
severs,Agent,Agent,equal,Agent,,,,FALSE
sews,equal,equal,equal,equal,,,,FALSE
shades,equal,equal,equal,equal,,,,FALSE
shadows,Theme,Theme,Theme,Agent,,,,FALSE
shakes,Agent,Agent,Agent,equal,,,,FALSE
shapes,Agent,equal,equal,Agent,,,,FALSE
shares,Agent,equal,Agent,Agent,,,,FALSE
sharpens,Agent,Agent,equal,Agent,,,,FALSE
shatters,Agent,Agent,Agent,Agent,,,,FALSE
shaves,Agent,equal,Agent,equal,,,,FALSE
sheds,Agent,Agent,equal,Agent,,,,FALSE
shells,Agent,Agent,equal,equal,,,,FALSE
shelters,Agent,Agent,Agent,Agent,,,,FALSE
shields,Agent,equal,equal,Agent,,,,FALSE
shifts,Agent,Agent,equal,Agent,,,,FALSE
ships,Agent,equal,Agent,equal,,,,FALSE
shocks,Agent,Agent,Agent,Agent,,,,FALSE
shooes,Agent,equal,equal,Agent,,,,FALSE
shoots,Agent,Agent,Agent,Agent,,,,FALSE
shoulders,Agent,equal,equal,Agent,,,,FALSE
shouts,Agent,Agent,equal,Agent,,,,FALSE
shovels,Agent,Agent,equal,Agent,,,,FALSE
shoves,Agent,Agent,equal,Agent,,,,FALSE
showers,Theme,Theme,equal,Theme,,,,FALSE
shows,Agent,equal,Agent,equal,,,,FALSE
shreds,Agent,Agent,Agent,equal,,,,FALSE
shrieks,Agent,equal,Agent,equal,,,,FALSE
shrinks,Agent,Agent,Agent,Agent,,,,FALSE
shrouds,Agent,Agent,Agent,Agent,,,,FALSE
shuffles,Agent,equal,Agent,Agent,,,,FALSE
shushes,Agent,Agent,Agent,Agent,,,,FALSE
shuts,Agent,Agent,Agent,equal,,,,FALSE
sickens,Agent,Theme,Agent,Agent,,,,FALSE
sidesteps,Agent,Agent,equal,equal,,,,FALSE
sidles up to,Theme,Theme,Theme,Theme,,,,FALSE
sifts,Agent,Agent,equal,Agent,,,,FALSE
sights,equal,equal,equal,equal,,,,FALSE
signals,equal,equal,equal,equal,,,,FALSE
signs,equal,equal,equal,equal,,,,FALSE
silences,Agent,Agent,Agent,Agent,,,,FALSE
silhouettes,Theme,equal,equal,Theme,,,,FALSE
simmers,Agent,Agent,equal,Agent,,,,FALSE
singles out,Agent,Agent,Agent,Agent,,,,FALSE
sings,Agent,equal,equal,Theme,Agent,equal,Agent,FALSE
sinks,Agent,Agent,Agent,Agent,,,,FALSE
sips,Agent,Agent,Agent,Agent,,,,FALSE
situates,Agent,equal,equal,Agent,,,,FALSE
sizes,Agent,Agent,equal,equal,,,,FALSE
skates,Agent,equal,Agent,equal,,,,FALSE
sketches,equal,equal,equal,equal,,,,FALSE
skims,Agent,Agent,Agent,equal,,,,FALSE
skins,Agent,Agent,Agent,Agent,,,,FALSE
skips,Agent,equal,Agent,Agent,,,,FALSE
slams,Agent,Agent,Agent,equal,,,,FALSE
slaps,Agent,Agent,Agent,Agent,,,,FALSE
slashes,Agent,Agent,Agent,Agent,,,,FALSE
slaughters,Agent,Agent,Agent,Agent,,,,FALSE
slays,Agent,Agent,Agent,Agent,,,,FALSE
slices,Agent,Agent,equal,Agent,,,,FALSE
slicks,Agent,equal,Agent,Agent,,,,FALSE
slides,Agent,Agent,Agent,Agent,,,,FALSE
slings,Agent,equal,Agent,equal,,,,FALSE
slips,Agent,equal,equal,Agent,,,,FALSE
slits,Agent,Agent,Agent,Agent,,,,FALSE
slops,Agent,equal,equal,Agent,,,,FALSE
slows,Agent,Agent,Agent,Agent,,,,FALSE
slugs,Agent,Agent,Agent,Agent,,,,FALSE
slurps,Agent,Agent,Agent,equal,,,,FALSE
smacks,Agent,Agent,equal,equal,,,,FALSE
smashes,Agent,Agent,Agent,equal,,,,FALSE
smears,Agent,Agent,equal,Agent,,,,FALSE
smells,Theme,Theme,equal,equal,,,,FALSE
smokes,Agent,equal,Agent,Agent,,,,FALSE
smooths,equal,Agent,equal,Theme,,,,TRUE
smothers,Agent,Agent,Agent,equal,,,,FALSE
snags,Agent,Agent,Agent,equal,,,,FALSE
snarls at,equal,equal,equal,equal,,,,FALSE
snatches,Agent,Agent,Agent,equal,,,,FALSE
sneaks,Agent,Agent,equal,Agent,,,,FALSE
snips,Agent,Agent,Agent,Agent,,,,FALSE
snuggles,equal,equal,equal,equal,,,,FALSE
soaks,Agent,equal,equal,Agent,,,,FALSE
sobers,Agent,Agent,equal,Agent,,,,FALSE
softens,equal,equal,Theme,Agent,,,,TRUE
soils,Agent,Agent,Agent,equal,,,,FALSE
solicits,Agent,Agent,equal,equal,,,,FALSE
solves,Agent,Agent,Agent,Agent,,,,FALSE
soothes,equal,equal,equal,equal,,,,FALSE
sorts,equal,equal,equal,equal,,,,FALSE
sounds,equal,equal,equal,equal,,,,FALSE
spaces,Agent,equal,Agent,equal,,,,FALSE
spans,Agent,Agent,equal,Agent,,,,FALSE
spares,Agent,Agent,equal,Agent,,,,FALSE
sparks,Agent,equal,Agent,Agent,,,,FALSE
spars,equal,equal,equal,equal,,,,FALSE
speaks to,equal,equal,equal,equal,,,,FALSE
specifies,equal,equal,equal,equal,,,,FALSE
speeds up,equal,Agent,Theme,equal,,,,TRUE
spells,equal,equal,equal,equal,,,,FALSE
spends,Agent,Agent,equal,equal,,,,FALSE
spews,Agent,equal,Agent,Agent,,,,FALSE
spies,equal,equal,equal,equal,,,,FALSE
spikes,Agent,Agent,Agent,equal,,,,FALSE
spills,Agent,Agent,Agent,equal,,,,FALSE
spins,Agent,Agent,equal,Agent,,,,FALSE
spits at,Agent,equal,equal,Agent,,,,FALSE
splatters,Agent,Agent,equal,Agent,,,,FALSE
splinters,Agent,Agent,equal,Agent,,,,FALSE
splits,Agent,Agent,Agent,equal,,,,FALSE
spoils,equal,equal,equal,equal,,,,FALSE
sponsors,Agent,Agent,Agent,Agent,,,,FALSE
spooks,Agent,Agent,equal,Agent,,,,FALSE
sports,equal,Theme,Agent,equal,,,,TRUE
spots,Agent,equal,equal,Agent,,,,FALSE
sprays,Agent,equal,equal,Agent,,,,FALSE
spreads,Agent,Agent,equal,Agent,,,,FALSE
sprinkles,Agent,equal,equal,Agent,,,,FALSE
spurs,Agent,equal,Agent,Agent,,,,FALSE
squares,Agent,equal,Agent,Agent,,,,FALSE
squashes,Agent,Agent,Agent,Agent,,,,FALSE
squeezes,Agent,equal,Agent,Agent,,,,FALSE
squirts,equal,equal,equal,equal,,,,FALSE
stabilizes,Agent,equal,Agent,Agent,,,,FALSE
stabs,Agent,Agent,Agent,Agent,,,,FALSE
stacks,Agent,Agent,Agent,Agent,,,,FALSE
stains,Agent,Agent,Agent,equal,,,,FALSE
stakes,Agent,equal,Agent,equal,,,,FALSE
stalks,Theme,equal,Theme,equal,,,,FALSE
stalls,Agent,Agent,equal,Agent,,,,FALSE
stamps,Agent,Agent,equal,Agent,,,,FALSE
stars,equal,equal,Agent,Theme,,,,TRUE
startles,equal,equal,equal,equal,,,,FALSE
starts,Agent,Agent,equal,Agent,,,,FALSE
starves,Agent,Agent,Agent,Agent,,,,FALSE
stashes,Agent,Agent,Agent,equal,,,,FALSE
states,equal,equal,equal,equal,,,,FALSE
stations,Agent,Agent,Agent,equal,,,,FALSE
steadies,Agent,Agent,Agent,equal,,,,FALSE
steals,Agent,Agent,Agent,Agent,,,,FALSE
steams,Agent,Agent,Agent,equal,,,,FALSE
steels,Agent,equal,Agent,Agent,,,,FALSE
steers,Agent,Agent,Agent,Agent,,,,FALSE
stencils,Agent,Agent,Agent,equal,,,,FALSE
stiffens,equal,equal,equal,equal,,,,FALSE
stifles,Agent,Agent,equal,Agent,,,,FALSE
stimulates,equal,equal,equal,equal,,,,FALSE
stings,Agent,Agent,Agent,Theme,,,,FALSE
stirs,Agent,equal,Agent,Agent,,,,FALSE
stitches,equal,Theme,Agent,equal,,,,TRUE
stocks,equal,equal,equal,equal,,,,FALSE
stones,Agent,Agent,equal,Agent,,,,FALSE
stops,Agent,Agent,Agent,Agent,,,,FALSE
stores,Agent,equal,equal,Agent,,,,FALSE
storms,Agent,equal,equal,Agent,,,,FALSE
stows,Agent,Agent,Agent,equal,,,,FALSE
straddles,Agent,Agent,Agent,Agent,,,,FALSE
straightens,Agent,equal,Agent,Agent,,,,FALSE
strains,Agent,Agent,Agent,Agent,,,,FALSE
strands,Agent,equal,equal,Agent,,,,FALSE
strangles,Agent,Agent,Agent,equal,,,,FALSE
strangles on,Agent,Agent,Agent,Agent,,,,FALSE
straps,Agent,equal,Agent,equal,,,,FALSE
strengthens,Agent,Agent,Agent,Theme,,,,FALSE
stresses,Agent,equal,equal,Agent,,,,FALSE
strikes,Agent,Agent,equal,Agent,,,,FALSE
strings,Agent,equal,equal,Agent,,,,FALSE
strips,Agent,Agent,equal,equal,,,,FALSE
strokes,equal,equal,equal,equal,,,,FALSE
struggles,Theme,equal,equal,Theme,,,,FALSE
stubs,Agent,Agent,Agent,equal,,,,FALSE
studies,equal,Agent,Theme,equal,,,,TRUE
stuffs,Agent,Agent,Agent,Agent,,,,FALSE
stuns,Agent,Agent,equal,equal,,,,FALSE
subdues,Agent,Agent,Agent,Agent,,,,FALSE
submerges,Agent,equal,Agent,Agent,,,,FALSE
submits,equal,equal,Theme,equal,Agent,equal,equal,FALSE
subtitles,Theme,equal,Theme,equal,,,,FALSE
succeeds,Agent,equal,Agent,Agent,,,,FALSE
sues,Agent,equal,equal,Agent,,,,FALSE
suffers,Theme,equal,Theme,equal,,,,FALSE
suffocates,Agent,Agent,Agent,Agent,Agent,equal,Agent,FALSE
suggests,Agent,equal,Agent,equal,,,,FALSE
summons,Agent,Agent,Agent,Agent,,,,FALSE
superimposes,Agent,equal,Agent,Agent,,,,FALSE
supervises,Agent,Agent,Agent,Agent,,,,FALSE
supplies,Agent,Agent,Agent,equal,,,,FALSE
supports,equal,equal,equal,equal,,,,FALSE
supposes,equal,equal,equal,equal,,,,FALSE
suppresses,Agent,Agent,Agent,Agent,,,,FALSE
surprises,equal,equal,equal,equal,,,,FALSE
surrenders,Agent,Theme,Agent,Agent,,,,FALSE
surrounds,Agent,Agent,Agent,equal,,,,FALSE
surveys,equal,equal,equal,equal,,,,FALSE
survives,equal,Theme,equal,Agent,,,,TRUE
survives on,Theme,Theme,Theme,Theme,,,,FALSE
suspects,equal,equal,equal,equal,,,,FALSE
suspends,Agent,Agent,Agent,Agent,,,,FALSE
sustains,Agent,Agent,Agent,Agent,,,,FALSE
swallows,Agent,equal,Agent,Agent,,,,FALSE
swaps,Agent,Agent,Agent,equal,,,,FALSE
swats,Agent,Agent,Agent,Agent,,,,FALSE
sways,Agent,Agent,Agent,equal,,,,FALSE
swears,Agent,Agent,equal,equal,,,,FALSE
sweeps,Agent,equal,Agent,Agent,,,,FALSE
swigs,equal,equal,Theme,Agent,,,,TRUE
swings,Agent,Agent,Agent,Agent,,,,FALSE
swipes,Agent,equal,Agent,Agent,,,,FALSE
swirls,Agent,Agent,equal,equal,,,,FALSE
switches,Agent,Agent,Agent,equal,,,,FALSE
swivels,Agent,equal,Agent,Agent,,,,FALSE
tackles,Agent,Agent,Agent,Agent,,,,FALSE
tacks,Agent,Agent,equal,Agent,,,,FALSE
tags,Agent,equal,equal,Agent,,,,FALSE
tailors,equal,equal,Agent,Theme,,,,TRUE
tails,Theme,Theme,equal,Theme,,,,FALSE
takes,equal,equal,Theme,Agent,,,,TRUE
talks to,equal,equal,equal,equal,,,,FALSE
tangles,Agent,Agent,Agent,Agent,,,,FALSE
taps,equal,equal,equal,equal,,,,FALSE
targets,Agent,equal,Agent,Agent,,,,FALSE
tastes,Agent,equal,Agent,equal,,,,FALSE
tattooes,Agent,Agent,Agent,Agent,,,,FALSE
taunts,Agent,equal,Agent,equal,,,,FALSE
teaches,Agent,Agent,Agent,Agent,,,,FALSE
tears,Agent,equal,Agent,Agent,,,,FALSE
teases,Agent,Agent,equal,Agent,,,,FALSE
telephones,equal,equal,Theme,Agent,,,,TRUE
tells,equal,equal,equal,equal,,,,FALSE
tempts,Agent,Agent,equal,Agent,,,,FALSE
tends,Agent,Theme,Agent,Agent,,,,FALSE
tenses,equal,equal,equal,equal,,,,FALSE
terminates,Agent,Agent,Agent,Agent,,,,FALSE
terms,Agent,equal,Agent,Agent,,,,FALSE
terrifies,Agent,Agent,equal,equal,,,,FALSE
testifies,equal,equal,equal,equal,,,,FALSE
tests,Agent,Agent,equal,Agent,,,,FALSE
tethers,Agent,Agent,Agent,Agent,,,,FALSE
thanks,Theme,Theme,equal,equal,,,,FALSE
thaws,Agent,Agent,Agent,equal,,,,FALSE
thinks,equal,equal,equal,equal,,,,FALSE
thins,Agent,Agent,Agent,Agent,,,,FALSE
thrashes,Agent,Agent,equal,equal,,,,FALSE
threatens,Agent,Agent,equal,Agent,,,,FALSE
thrills,Agent,equal,Agent,Agent,,,,FALSE
throttles,Agent,Agent,Agent,Theme,,,,FALSE
throws,Agent,Agent,Agent,Agent,,,,FALSE
thrusts,Agent,Agent,Agent,Agent,,,,FALSE
thumps,Agent,Agent,Agent,Agent,,,,FALSE
tickles,equal,equal,equal,equal,,,,FALSE
ticks off,equal,equal,equal,equal,,,,FALSE
tidies,Agent,equal,Agent,equal,,,,FALSE
ties,equal,equal,equal,equal,,,,FALSE
tightens,Agent,equal,Agent,Agent,,,,FALSE
tilts,Agent,Agent,equal,Agent,,,,FALSE
times,Agent,equal,Agent,equal,,,,FALSE
tips,Theme,Theme,equal,equal,,,,FALSE
tires,Agent,equal,equal,Agent,,,,FALSE
toasts,equal,equal,equal,equal,,,,FALSE
tolerates,equal,equal,equal,equal,,,,FALSE
topples,Agent,Agent,Agent,Agent,,,,FALSE
tops,Agent,Agent,Agent,Agent,,,,FALSE
torments,Agent,Agent,Agent,Agent,,,,FALSE
tortures,Agent,Agent,Agent,Agent,,,,FALSE
tosses,Agent,equal,Agent,equal,,,,FALSE
totals,Agent,equal,Agent,equal,,,,FALSE
touches,Theme,equal,Theme,equal,,,,FALSE
tows,Agent,Agent,Agent,Agent,,,,FALSE
toys with,Agent,Agent,Agent,equal,,,,FALSE
traces,Theme,Theme,equal,equal,,,,FALSE
tracks,Agent,Agent,equal,equal,,,,FALSE
trades,Agent,Agent,equal,Agent,,,,FALSE
trails,equal,Theme,Agent,equal,,,,TRUE
trains,Agent,Agent,Agent,Agent,Agent,Theme,Agent,FALSE
tramples,Agent,Agent,Agent,Agent,,,,FALSE
transfers,Agent,Agent,equal,Agent,,,,FALSE
transfixes,Agent,Agent,Agent,equal,,,,FALSE
transforms,Agent,Agent,equal,Agent,,,,FALSE
translates,Agent,equal,equal,Agent,,,,FALSE
transmits,equal,Theme,Agent,equal,,,,TRUE
transports,Agent,equal,Agent,equal,,,,FALSE
traps,Agent,Agent,equal,Agent,,,,FALSE
trashes,Agent,equal,Agent,equal,,,,FALSE
travels,Agent,Agent,equal,equal,,,,FALSE
treats,Agent,Agent,equal,equal,,,,FALSE
tricks,Agent,Agent,equal,equal,,,,FALSE
tries,equal,equal,equal,equal,,,,FALSE
triggers,Agent,equal,Agent,equal,,,,FALSE
trims,Agent,equal,Agent,equal,,,,FALSE
trips,Agent,Agent,equal,Agent,,,,FALSE
trips on,Theme,Theme,equal,Theme,,,,FALSE
trots,equal,equal,Agent,Theme,,,,TRUE
troubles,Agent,Agent,equal,equal,,,,FALSE
trusts,Theme,Theme,Theme,Theme,,,,FALSE
tucks,equal,equal,equal,equal,,,,FALSE
tugs,Agent,Agent,Agent,Agent,,,,FALSE
tunes,Agent,Agent,equal,Agent,,,,FALSE
turns,Agent,Agent,equal,Agent,,,,FALSE
twirls,Agent,Agent,Agent,Agent,,,,FALSE
twists,Agent,Agent,equal,equal,,,,FALSE
types,equal,equal,Agent,Theme,,,,TRUE
unbuckles,Agent,Agent,equal,Agent,,,,FALSE
unbuttons,Agent,Agent,equal,Agent,,,,FALSE
uncovers,Agent,equal,Agent,Agent,,,,FALSE
underestimates,Theme,equal,Theme,equal,,,,FALSE
undergoes,Theme,equal,Theme,Theme,,,,FALSE
underlies,Agent,Agent,Agent,Agent,,,,FALSE
undermines,Agent,Agent,Agent,equal,,,,FALSE
underscores,Agent,Agent,Agent,equal,,,,FALSE
understands,Agent,equal,Agent,equal,,,,FALSE
undertakes,Theme,Theme,equal,equal,,,,FALSE
undoes,Agent,Agent,Agent,Agent,,,,FALSE
undresses,Agent,equal,Agent,Agent,,,,FALSE
unfolds,Agent,equal,equal,Agent,,,,FALSE
unhooks,Agent,Agent,Agent,Agent,,,,FALSE
unites,Agent,equal,equal,Agent,,,,FALSE
unleashes,Agent,Agent,Agent,equal,,,,FALSE
unloads,Theme,Theme,equal,equal,,,,FALSE
unlocks,equal,equal,Agent,Theme,,,,TRUE
unnerves,Agent,Agent,Agent,equal,,,,FALSE
unpacks,Agent,equal,Agent,equal,,,,FALSE
unravels,Agent,Agent,Agent,Agent,,,,FALSE
unrolls,Agent,Agent,Agent,equal,,,,FALSE
unscrews,Agent,Agent,Agent,equal,,,,FALSE
unties,Agent,Agent,Agent,Agent,,,,FALSE
unwraps,Agent,Agent,equal,Agent,,,,FALSE
unzips,Agent,Agent,Agent,Agent,,,,FALSE
upholds,Theme,Theme,Theme,Agent,,,,FALSE
upsets,Agent,equal,equal,Agent,,,,FALSE
urges,equal,Theme,Agent,equal,,,,TRUE
uses,Agent,Agent,Agent,Agent,,,,FALSE
ushers,Agent,Theme,Agent,Agent,,,,FALSE
utters,equal,Theme,equal,Agent,,,,TRUE
values,Theme,equal,equal,Theme,,,,FALSE
vaults,Agent,Agent,Agent,Agent,,,,FALSE
vents,equal,equal,equal,equal,,,,FALSE
verifies,Agent,Agent,Agent,Agent,,,,FALSE
vetoes,Agent,Agent,Agent,Agent,,,,FALSE
vibrates,Agent,equal,equal,Agent,,,,FALSE
views,equal,equal,equal,equal,,,,FALSE
violates,Agent,Agent,Agent,Agent,,,,FALSE
visits,Theme,Theme,equal,equal,,,,FALSE
voices,equal,equal,equal,equal,,,,FALSE
volunteers,equal,Theme,Agent,equal,,,,TRUE
votes,Theme,equal,equal,Theme,,,,FALSE
wads,Agent,Agent,equal,Agent,,,,FALSE
wags,Agent,Agent,equal,Agent,,,,FALSE
waits,Theme,equal,equal,Theme,,,,FALSE
wakes,Agent,Agent,equal,Agent,,,,FALSE
walks,Agent,Agent,Agent,Agent,,,,FALSE
walls,Agent,equal,Agent,equal,,,,FALSE
wants,Theme,equal,equal,Theme,,,,FALSE
warms,Agent,equal,Agent,equal,,,,FALSE
warns,Agent,Agent,equal,equal,,,,FALSE
warrants,Agent,Agent,equal,equal,,,,FALSE
washes,Agent,Agent,Theme,Agent,,,,FALSE
wastes,Agent,equal,equal,Agent,,,,FALSE
watches,Agent,equal,equal,Agent,,,,FALSE
waters,Agent,Agent,equal,Agent,,,,FALSE
waves,equal,equal,equal,equal,,,,FALSE
weakens,Agent,Agent,Agent,Agent,,,,FALSE
wears,Agent,equal,equal,Agent,,,,FALSE
weathers,Theme,Theme,Theme,Agent,,,,FALSE
weaves,Agent,Agent,equal,Agent,,,,FALSE
wedges,Agent,Agent,Agent,Agent,,,,FALSE
weighs,Agent,Agent,equal,equal,,,,FALSE
welcomes,equal,equal,equal,equal,,,,FALSE
welds,Agent,Agent,Agent,Agent,,,,FALSE
wets,Agent,equal,Agent,Agent,,,,FALSE
whacks,Agent,Agent,Agent,Agent,,,,FALSE
wheels,Agent,equal,Agent,Agent,,,,FALSE
whips,Agent,Agent,Agent,equal,,,,FALSE
whirls,Agent,Agent,Agent,equal,,,,FALSE
whisks,Agent,equal,equal,Agent,,,,FALSE
whispers,equal,equal,equal,equal,,,,FALSE
widens,Agent,Agent,equal,Agent,,,,FALSE
wields,Agent,Agent,Agent,Theme,,,,FALSE
wiggles,equal,equal,equal,equal,,,,FALSE
wills,Agent,Agent,Agent,Theme,,,,FALSE
winds,Agent,Agent,equal,Agent,,,,FALSE
wins,Agent,equal,Agent,Agent,,,,FALSE
wipes,Agent,equal,Agent,Agent,,,,FALSE
wires,Agent,equal,Agent,Agent,,,,FALSE
wishes,Theme,Theme,equal,equal,,,,FALSE
withdraws,Agent,equal,equal,Agent,,,,FALSE
withholds,Agent,Agent,Agent,Agent,,,,FALSE
witnesses,Theme,equal,equal,Theme,,,,FALSE
wonders,Theme,Theme,equal,equal,,,,FALSE
worries,equal,Agent,equal,Theme,,,,TRUE
worsens,Agent,Agent,Agent,equal,,,,FALSE
worships,Theme,Theme,Theme,Theme,,,,FALSE
wounds,Agent,Agent,Agent,Agent,,,,FALSE
wracks,equal,equal,equal,equal,,,,FALSE
wraps,equal,equal,equal,equal,,,,FALSE
wrecks,Agent,Agent,Agent,Agent,,,,FALSE
wrings,Agent,equal,Agent,Agent,,,,FALSE
writes,Agent,Agent,equal,Agent,,,,FALSE
yanks,Agent,Agent,Agent,equal,,,,FALSE
yields,Agent,Theme,Agent,Agent,equal,Theme,Agent,FALSE
zaps,Agent,Agent,Agent,Agent,,,,FALSE